i	idx	base	offset	name(명세)	tcx 응답	판정
10	0	MainObjective(인자 %4, i24)	0x0	tag	0x0       @tag                                                 tag:1B                                         (1B) 판별자 (Direct)	MATCH
10	1	MainObjective(인자 %4, i24)	0x1	phase (ObjectPhase)	0x1       @ComebackPick.line@tag                               tag:1B                                         (1B) 판별자 (Direct) | 0x1       @DefenseLine.0@tag                                   tag:1B                                         (1B) 판별자 (Direct) | 0x1       @Dive.line@tag                                       tag:1B                                         (1B) 판별자 (Direct) | 0x1       @Gank.line@tag                                       tag:1B                                         (1B) 판별자 (Direct) | 0x1       @Morgard.phase@tag                                   tag:1B                                         (1B) 판별자 (Direct) | 0x1       @Nexus.0@tag                                         tag:1B                                         (1B) 판별자 (Direct) | 0x1       @PressEpic.0@tag                                     tag:1B                                         (1B) 판별자 (Direct) | 0x1       @PressTower.line@tag                                 tag:1B                                         (1B) 판별자 (Direct) | 0x1       @Serpen.phase@tag                                    tag:1B                                         (1B) 판별자 (Direct) | 0x1       @SplitEpic.0@tag                                     tag:1B                                         (1B) 판별자 (Direct)	MATCH
10	2	MainObjective(인자 %4, i24)	0x2	with_battle (bool)	0x2       @ComebackPick.ready                                  bool                                           (1B) | 0x2       @Morgard.with_battle                                 bool                                           (1B) | 0x2       @Serpen.with_battle                                  bool                                           (1B)	MATCH
10	3	Strategy(PlayerState::strategy 반환 24B)	0xf	object_finish (ObjectFinishStrategy 1B)	0xf       object_finish@tag                                    tag:1B                                         (1B) 판별자 (Direct)	MATCH
10	4	PlayerState	0x930	info.team (usize)	0x930     info.team                                            usize                                          (8B)	MATCH
10	5	OperationData	0x0	cache (&AbstractGameWithCache)	0x0       cache                                                &'{erased} game_core::AbstractGameWithCache<'{erased}, '{erased}> (8B) → game_core::AbstractGameWithCache<'{erased}, '{erased}>	MATCH
10	6	OperationData	0x10	blackboard (&[Blackboard;2])	0x10      blackboard                                           &'{erased} [game_core::Blackboard; 2_usize]    (8B) → [game_core::Blackboard; 2_usize]	MATCH
10	7	AbstractGameWithCache	0x0	game.data (&dyn AbstractGame 의 데이터 포인터)	0x0       game                                                 &'{erased} dyn [Binder { value: Trait(game_core::AbstractGame), bound_vars: [] }] + '{erased} (16B) → dyn [Binder { value: Trait(game_core::AbstractGame), bound_vars: [] }] + '{erased}	CHECK
10	8	AbstractGameWithCache	0x8	game.vtable (&dyn AbstractGame 의 vtable)		NOHIT
10	9	AbstractGameWithCache	0x1e0	player_champion ([[Option<&Entity>;5];2], 80B)	0x1e0     player_champion[0][0]@Some.0                         &'{erased} game_core::Entity                   (8B) → game_core::Entity | 0x1e0     player_champion[0][0]@tag                            tag:8B                                         (8B) 판별자 (Niche)	MATCH
10	10	AbstractGame vtable	0x40	get_game_mode	-	SKIP(열거형/vtable — tcxdict 대상 아님)
10	11	AbstractGame vtable	0x1f0	get_entity_by_id	-	SKIP(열거형/vtable — tcxdict 대상 아님)
10	12	MobaMode	0x198	jungle_runner.epic.live_list.cap	0x198     jungle_runner.epic.live_list.buf.inner.cap           core::num::niche_types::UsizeNoHighBit         (8B) 깊이제한	MATCH
10	13	MobaMode	0x1a0	jungle_runner.epic.live_list.ptr	0x1a0     jungle_runner.epic.live_list.buf.inner.ptr           std::ptr::Unique<u8>                           (8B) 깊이제한	MATCH
10	14	MobaMode	0x1a8	jungle_runner.epic.live_list.len	0x1a8     jungle_runner.epic.live_list.len                     usize                                          (8B)	MATCH
10	15	MobaMode	0x1c8	jungle_runner.serpen.live_list.cap	0x1c8     jungle_runner.serpen.live_list.buf.inner.cap         core::num::niche_types::UsizeNoHighBit         (8B) 깊이제한	MATCH
10	16	MobaMode	0x1d0	jungle_runner.serpen.live_list.ptr	0x1d0     jungle_runner.serpen.live_list.buf.inner.ptr         std::ptr::Unique<u8>                           (8B) 깊이제한	MATCH
10	17	MobaMode	0x1d8	jungle_runner.serpen.live_list.len	0x1d8     jungle_runner.serpen.live_list.len                   usize                                          (8B)	MATCH
10	18	Entity(적 챔피언)	0x0	team.tag (TeamType 판별자)	0x0       team@tag                                             tag:8B                                         (8B) 판별자 (Direct)	MATCH
10	19	Entity(적 챔피언)	0x8	team.Player.0 (팀 인덱스 usize)	0x8       team@Player.0                                        usize                                          (8B)	MATCH
10	20	Entity(적 챔피언)	0x660	x (u64)	0x660     x                                                    u64                                            (8B)	MATCH
10	21	Entity(적 챔피언)	0x668	y (u64)	0x668     y                                                    u64                                            (8B)	MATCH
11	0	OperationData	0x0	cache	0x0       cache                                                &'{erased} game_core::AbstractGameWithCache<'{erased}, '{erased}> (8B) → game_core::AbstractGameWithCache<'{erased}, '{erased}>	MATCH
11	1	OperationData	0x8	context	0x8       context                                              &'{erased} game_core::GameContext<'{erased}, '{erased}> (8B) → game_core::GameContext<'{erased}, '{erased}>	MATCH
11	2	AbstractGameWithCache	0x0	game.data_ptr	0x0       game                                                 &'{erased} dyn [Binder { value: Trait(game_core::AbstractGame), bound_vars: [] }] + '{erased} (16B) → dyn [Binder { value: Trait(game_core::AbstractGame), bound_vars: [] }] + '{erased}	CHECK
11	3	AbstractGameWithCache	0x8	game.vtable		NOHIT
11	4	dyn AbstractGame vtable	0x40	get_game_mode	-	SKIP(열거형/vtable — tcxdict 대상 아님)
11	5	dyn AbstractGame vtable	0x28	tick	-	SKIP(열거형/vtable — tcxdict 대상 아님)
11	6	GameContext	0x38	tutorial	0x38      tutorial@tag                                         tag:1B                                         (1B) 판별자 (Direct)	MATCH
11	7	BigGoal	0x0	tag	-	SKIP(열거형/vtable — tcxdict 대상 아님)
11	8	BigGoal	0x1	Line.line	-	SKIP(열거형/vtable — tcxdict 대상 아님)
11	9	LegacyPlanHandler	0x0	data	0x0       data.enemy_region[0]@tag                             tag:8B                                         (8B) 판별자 (Direct)	MATCH
11	10	LegacyPlanHandler	0xf8	team_plan	0xf8      team_plan.ally_battle_stop_tick[0]@tag               tag:8B                                         (8B) 판별자 (Direct)	MATCH
11	11	LegacyPlanHandler	0x990	positioning_score	0x990     positioning_score.value[0][0].risk                   i64                                            (8B)	MATCH
11	12	LegacyPlanHandler	0x5e8	plan	0x5e8     plan@DeathMatchBattle.0.support_target@tag           tag:8B                                         (8B) 판별자 (Direct) | 0x5e8     plan@tag                                             tag:8B                                         (8B) 판별자 (Niche)	MATCH
11	13	LegacyPlanHandler	0x1628	v3_lapse_passive_fallbacks	0x1628    v3_lapse_passive_fallbacks                           usize                                          (8B)	MATCH
11	14	BigPlan(지역변수 plan, 384B)	0x0	tag	-	SKIP(열거형/vtable — tcxdict 대상 아님)
11	15	BigPlan(지역변수 plan)	0x8	SinglePlanLine.chats	-	SKIP(열거형/vtable — tcxdict 대상 아님)
11	16	BigPlan(지역변수 plan)	0x20	SinglePlanLine.in_recall	-	SKIP(열거형/vtable — tcxdict 대상 아님)
11	17	BigPlan(지역변수 plan)	0x21	SinglePlanLine.line	-	SKIP(열거형/vtable — tcxdict 대상 아님)
11	18	LegacyPlanHandler	0x1610	mf_swap.0	0x1610    mf_swap.0                                            u8                                             (1B)	MATCH
11	19	LegacyPlanHandler	0x1618	mf_swap.1	0x1618    mf_swap.1                                            usize                                          (8B)	MATCH
11	20	LegacyPlanHandler	0x1628	v3_lapse_passive_fallbacks	0x1628    v3_lapse_passive_fallbacks                           usize                                          (8B)	MATCH
11	21	LegacyPlanHandler	0x5e8	plan	0x5e8     plan@DeathMatchBattle.0.support_target@tag           tag:8B                                         (8B) 판별자 (Direct) | 0x5e8     plan@tag                                             tag:8B                                         (8B) 판별자 (Niche)	MATCH
11	22	LegacyPlanHandler	0x768	sub_plan	0x768     sub_plan@DeathBattle.0.support_target@tag            tag:8B                                         (8B) 판별자 (Direct) | 0x768     sub_plan@tag                                         tag:8B                                         (8B) 판별자 (Niche)	MATCH
12	0	PlayerState	0x9c0	info.position	0x9c0     info.position@tag                                    tag:4B                                         (4B) 판별자 (Direct)	MATCH
12	1	OperationData	0x0	cache	0x0       cache                                                &'{erased} game_core::AbstractGameWithCache<'{erased}, '{erased}> (8B) → game_core::AbstractGameWithCache<'{erased}, '{erased}>	MATCH
12	2	OperationData	0x8	context	0x8       context                                              &'{erased} game_core::GameContext<'{erased}, '{erased}> (8B) → game_core::GameContext<'{erased}, '{erased}>	MATCH
12	3	GameContext	0x38	tutorial	0x38      tutorial@tag                                         tag:1B                                         (1B) 판별자 (Direct)	MATCH
12	4	GameContext	0x39	trace_level	0x39      trace_level@tag                                      tag:1B                                         (1B) 판별자 (Direct)	MATCH
12	5	AbstractGameWithCache	0x8	game(vtable 절반)		NOHIT
12	6	AbstractGame vtable	0x28	tick	-	SKIP(열거형/vtable — tcxdict 대상 아님)
12	7	LegacyPlanHandler	0x5e8	plan	0x5e8     plan@DeathMatchBattle.0.support_target@tag           tag:8B                                         (8B) 판별자 (Direct) | 0x5e8     plan@tag                                             tag:8B                                         (8B) 판별자 (Niche)	MATCH
12	8	LegacyPlanHandler	0x517	team_plan.objective	0x517     team_plan.objective@Some.0@tag                       tag:1B                                         (1B) 판별자 (Direct) | 0x517     team_plan.objective@tag                              tag:1B                                         (1B) 판별자 (Niche)	MATCH
12	9	LegacyPlanHandler	0x858	pending_trace_events.cap	0x858     pending_trace_events.buf.inner.cap.0                 pattern_type!(usize is 0..=9223372036854775807) (8B)	MATCH
12	10	LegacyPlanHandler	0x860	pending_trace_events.ptr	0x860     pending_trace_events.buf.inner.ptr.pointer.pointer   pattern_type!(*const u8 is !null)              (8B)	MATCH
12	11	LegacyPlanHandler	0x868	pending_trace_events.len	0x868     pending_trace_events.len                             usize                                          (8B)	MATCH
12	12	LegacyPlanHandler	0x868	pending_trace_events.len	0x868     pending_trace_events.len                             usize                                          (8B)	MATCH
12	13	LegacyPlanHandler	0x860[len]	pending_trace_events[len]	0x860     pending_trace_events.buf.inner.ptr.pointer.pointer   pattern_type!(*const u8 is !null)              (8B)	MATCH
12	14	TraceEventType	0x0	discriminant	-	SKIP(열거형/vtable — tcxdict 대상 아님)
12	15	TraceEventType::CallHandled	0x8	chat	-	SKIP(열거형/vtable — tcxdict 대상 아님)
12	16	TraceEventType::CallHandled	0x20	plan_before	-	SKIP(열거형/vtable — tcxdict 대상 아님)
12	17	TraceEventType::CallHandled	0x38	plan_after	-	SKIP(열거형/vtable — tcxdict 대상 아님)
12	18	TraceEventType::CallHandled	0x50	objective_before	-	SKIP(열거형/vtable — tcxdict 대상 아님)
12	19	TraceEventType::CallHandled	0x68	objective_after	-	SKIP(열거형/vtable — tcxdict 대상 아님)
12	20	TraceEventType::CallHandled	0x80	from	-	SKIP(열거형/vtable — tcxdict 대상 아님)
12	21	TraceEventType::CallHandled	0x84	misunderstood	-	SKIP(열거형/vtable — tcxdict 대상 아님)
12	22	PendingTraceEvent	0xb0	tick	0xb0      tick                                                 usize                                          (8B)	MATCH
12	23	LegacyPlanHandler	0x858	pending_trace_events.cap	0x858     pending_trace_events.buf.inner.cap.0                 pattern_type!(usize is 0..=9223372036854775807) (8B)	MATCH
12	24	LegacyPlanHandler	0x860	pending_trace_events.ptr	0x860     pending_trace_events.buf.inner.ptr.pointer.pointer   pattern_type!(*const u8 is !null)              (8B)	MATCH
13	0	AbstractGameWithCache	0x180	top_tower[team]	0x180     top_tower[0]@Some.0                                  &'{erased} game_core::Entity                   (8B) → game_core::Entity | 0x180     top_tower[0]@tag                                     tag:8B                                         (8B) 판별자 (Niche)	MATCH
13	1	AbstractGameWithCache	0x190	top_tower2[team]	0x190     top_tower2[0]@Some.0                                 &'{erased} game_core::Entity                   (8B) → game_core::Entity | 0x190     top_tower2[0]@tag                                    tag:8B                                         (8B) 판별자 (Niche)	MATCH
13	2	AbstractGameWithCache	0x1a0	mid_tower[team]	0x1a0     mid_tower[0]@Some.0                                  &'{erased} game_core::Entity                   (8B) → game_core::Entity | 0x1a0     mid_tower[0]@tag                                     tag:8B                                         (8B) 판별자 (Niche)	MATCH
13	3	AbstractGameWithCache	0x1b0	mid_tower2[team]	0x1b0     mid_tower2[0]@Some.0                                 &'{erased} game_core::Entity                   (8B) → game_core::Entity | 0x1b0     mid_tower2[0]@tag                                    tag:8B                                         (8B) 판별자 (Niche)	MATCH
13	4	AbstractGameWithCache	0x1c0	bottom_tower[team]	0x1c0     bottom_tower[0]@Some.0                               &'{erased} game_core::Entity                   (8B) → game_core::Entity | 0x1c0     bottom_tower[0]@tag                                  tag:8B                                         (8B) 판별자 (Niche)	MATCH
13	5	AbstractGameWithCache	0x1d0	bottom_tower2[team]	0x1d0     bottom_tower2[0]@Some.0                              &'{erased} game_core::Entity                   (8B) → game_core::Entity | 0x1d0     bottom_tower2[0]@tag                                 tag:8B                                         (8B) 판별자 (Niche)	MATCH
13	6	AbstractGameWithCache	0x1e0	player_champion[team][position]	0x1e0     player_champion[0][0]@Some.0                         &'{erased} game_core::Entity                   (8B) → game_core::Entity | 0x1e0     player_champion[0][0]@tag                            tag:8B                                         (8B) 판별자 (Niche)	MATCH
13	7	Entity	0x68	ty (EntityType 판별자)	0x68      ty@tag                                               tag:8B                                         (8B) 판별자 (Direct)	MATCH
13	8	Entity	0x70	ty payload = &Tower (변수명 info)	0x70      ty@Bear.info.state@tag                               tag:8B                                         (8B) 판별자 (Direct) | 0x70      ty@Champion.0.action_state@tag                       tag:8B                                         (8B) 판별자 (Direct) | 0x70      ty@Eagle.info.nearest_enemy@tag                      tag:8B                                         (8B) 판별자 (Direct) | 0x70      ty@Epic.info.state@tag                               tag:8B                                         (8B) 판별자 (Direct) | 0x70      ty@Ghoul.info.state@tag                              tag:8B                                         (8B) 판별자 (Direct) | 0x70      ty@Illusion.info.state@tag                           tag:8B                                         (8B) 판별자 (Direct) | 0x70      ty@Jungle.info.state@tag                             tag:8B                                         (8B) 판별자 (Direct) | 0x70      ty@Minion.info.state@tag                             tag:8B                                         (8B) 판별자 (Direct) | 0x70      ty@Revenant.info.nearest_enemy@tag                   tag:8B                                         (8B) 판별자 (Direct) | 0x70      ty@Serpen.info.state@tag                             tag:8B                                         (8B) 판별자 (Direct) | 0x70      ty@SmallJiangshi.info.state@tag                      tag:8B                                         (8B) 판별자 (Direct) | 0x70      ty@Tower.info.state@tag                              tag:8B                                         (8B) 판별자 (Direct)	MATCH
13	9	Entity	0x88	Tower.nearest_enemy 판별자	0x88      ty@Bear.info.nearest_enemy@tag                       tag:8B                                         (8B) 판별자 (Direct) | 0x88      ty@Champion.0.action_state@Attack.input@tag          tag:4B                                         (4B) 판별자 (Direct) | 0x88      ty@Champion.0.action_state@Skill.input@tag           tag:4B                                         (4B) 판별자 (Direct) | 0x88      ty@Champion.0.action_state@Skill2.input@tag          tag:4B                                         (4B) 판별자 (Direct) | 0x88      ty@Champion.0.action_state@Ult.input@tag             tag:4B                                         (4B) 판별자 (Direct) | 0x88      ty@Eagle.info.target_pos@Some.0.0                    u64                                            (8B) | 0x88      ty@Epic.info.focused@tag                             tag:8B                                         (8B) 판별자 (Direct) | 0x88      ty@Ghoul.info.nearest_enemy@tag                      tag:8B                                         (8B) 판별자 (Direct) | 0x88      ty@Illusion.info.nearest_enemy@tag                   tag:8B                                         (8B) 판별자 (Direct) | 0x88      ty@Jungle.info.focused@tag                           tag:8B                                         (8B) 판별자 (Direct) | 0x88      ty@Minion.info.nearest_enemy@tag                     tag:8B                                         (8B) 판별자 (Direct) | 0x88      ty@Revenant.info.target_pos@Some.0.0                 u64                                            (8B) | 0x88      ty@Serpen.info.focused@tag                           tag:8B                                         (8B) 판별자 (Direct) | 0x88      ty@SmallJiangshi.info.action.ptr.pointer             pattern_type!(*const alloc::sync::ArcInner<dyn [Binder { value: Trait(game_core::EntityAction), bound_vars: [] }] + '{erased}> is !null) (16B) | 0x88      ty@Tower.info.nearest_enemy@tag                      tag:8B                                         (8B) 판별자 (Direct)	MATCH
13	10	Entity	0x128	Tower.ty (TowerType)	0x128     ty@Eagle.info.stat.hp_regen                          usize                                          (8B) | 0x128     ty@Epic.info.minion_buff.magic_resistance            i32                                            (4B) | 0x128     ty@Ghoul.info.stat.stack                             usize                                          (8B) | 0x128     ty@Jungle.info.stat.stack                            usize                                          (8B) | 0x128     ty@Revenant.info.stat.move_speed                     usize                                          (8B) | 0x128     ty@Serpen.info.permanent_buff.magic_resistance       i32                                            (4B) | 0x128     ty@Tower.info.ty@tag                                 tag:1B                                         (1B) 판별자 (Direct)	MATCH
13	11	Entity	0x660	x	0x660     x                                                    u64                                            (8B)	MATCH
13	12	Entity	0x668	y	0x668     y                                                    u64                                            (8B)	MATCH
13	13	GameContext	0x8	setting (&GameSetting)	0x8       setting                                              &'{erased} game_core::GameSetting              (8B) → game_core::GameSetting	MATCH
13	14	GameSetting	0x12c0	height	0x12c0    height                                               u64                                            (8B)	MATCH
14	0	LineGankerPlan	0x0	chats(Vec<Chat>) cap	0x0       chats.buf.inner.cap.0                                pattern_type!(usize is 0..=9223372036854775807) (8B)	MATCH
14	1	LineGankerPlan	0x10	chats.len	0x10      chats.len                                            usize                                          (8B)	MATCH
14	2	LineGankerPlan	0x28	line: LineType(0=Top,1=Mid,2=Bottom)	0x28      line@tag                                             tag:1B                                         (1B) 판별자 (Direct)	MATCH
14	3	PlayerState	0x930	info.team: usize	0x930     info.team                                            usize                                          (8B)	MATCH
14	4	PlayerState	0x9c0	info.position: Position(i32, range 0..5)	0x9c0     info.position@tag                                    tag:4B                                         (4B) 판별자 (Direct)	MATCH
14	5	OperationData	0x0	cache: &AbstractGameWithCache(8840B)	0x0       cache                                                &'{erased} game_core::AbstractGameWithCache<'{erased}, '{erased}> (8B) → game_core::AbstractGameWithCache<'{erased}, '{erased}>	MATCH
14	6	OperationData	0x8	context: &GameContext(64B)	0x8       context                                              &'{erased} game_core::GameContext<'{erased}, '{erased}> (8B) → game_core::GameContext<'{erased}, '{erased}>	MATCH
14	7	AbstractGameWithCache	0x1e0	player_champion[2][5]: Option<&Entity>	0x1e0     player_champion[0][0]@Some.0                         &'{erased} game_core::Entity                   (8B) → game_core::Entity | 0x1e0     player_champion[0][0]@tag                            tag:8B                                         (8B) 판별자 (Niche)	MATCH
14	8	AbstractGameWithCache	0x180	top_tower[2]: Option<&Entity>	0x180     top_tower[0]@Some.0                                  &'{erased} game_core::Entity                   (8B) → game_core::Entity | 0x180     top_tower[0]@tag                                     tag:8B                                         (8B) 판별자 (Niche)	MATCH
14	9	AbstractGameWithCache	0x190	top_tower2[2]: Option<&Entity>	0x190     top_tower2[0]@Some.0                                 &'{erased} game_core::Entity                   (8B) → game_core::Entity | 0x190     top_tower2[0]@tag                                    tag:8B                                         (8B) 판별자 (Niche)	MATCH
14	10	Entity	0x628	stat_cached.hp: usize	0x628     stat_cached.hp                                       usize                                          (8B)	MATCH
14	11	Entity	0x670	hp: usize	0x670     hp                                                   usize                                          (8B)	MATCH
14	12	Entity	0x660	x: u64	0x660     x                                                    u64                                            (8B)	MATCH
14	13	Entity	0x668	y: u64	0x668     y                                                    u64                                            (8B)	MATCH
14	14	Entity	0x68	ty: EntityType 판별자(i64, range 0..14)	0x68      ty@tag                                               tag:8B                                         (8B) 판별자 (Direct)	MATCH
14	15	Entity	0x70	ty 페이로드 = Tower(192B) 시작	0x70      ty@Bear.info.state@tag                               tag:8B                                         (8B) 판별자 (Direct) | 0x70      ty@Champion.0.action_state@tag                       tag:8B                                         (8B) 판별자 (Direct) | 0x70      ty@Eagle.info.nearest_enemy@tag                      tag:8B                                         (8B) 판별자 (Direct) | 0x70      ty@Epic.info.state@tag                               tag:8B                                         (8B) 판별자 (Direct) | 0x70      ty@Ghoul.info.state@tag                              tag:8B                                         (8B) 판별자 (Direct) | 0x70      ty@Illusion.info.state@tag                           tag:8B                                         (8B) 판별자 (Direct) | 0x70      ty@Jungle.info.state@tag                             tag:8B                                         (8B) 판별자 (Direct) | 0x70      ty@Minion.info.state@tag                             tag:8B                                         (8B) 판별자 (Direct) | 0x70      ty@Revenant.info.nearest_enemy@tag                   tag:8B                                         (8B) 판별자 (Direct) | 0x70      ty@Serpen.info.state@tag                             tag:8B                                         (8B) 판별자 (Direct) | 0x70      ty@SmallJiangshi.info.state@tag                      tag:8B                                         (8B) 판별자 (Direct) | 0x70      ty@Tower.info.state@tag                              tag:8B                                         (8B) 판별자 (Direct)	MATCH
14	16	Entity	0x88	ty.Tower.nearest_enemy 태그(Option<(usize,usize)>, range 0..2)	0x88      ty@Bear.info.nearest_enemy@tag                       tag:8B                                         (8B) 판별자 (Direct) | 0x88      ty@Champion.0.action_state@Attack.input@tag          tag:4B                                         (4B) 판별자 (Direct) | 0x88      ty@Champion.0.action_state@Skill.input@tag           tag:4B                                         (4B) 판별자 (Direct) | 0x88      ty@Champion.0.action_state@Skill2.input@tag          tag:4B                                         (4B) 판별자 (Direct) | 0x88      ty@Champion.0.action_state@Ult.input@tag             tag:4B                                         (4B) 판별자 (Direct) | 0x88      ty@Eagle.info.target_pos@Some.0.0                    u64                                            (8B) | 0x88      ty@Epic.info.focused@tag                             tag:8B                                         (8B) 판별자 (Direct) | 0x88      ty@Ghoul.info.nearest_enemy@tag                      tag:8B                                         (8B) 판별자 (Direct) | 0x88      ty@Illusion.info.nearest_enemy@tag                   tag:8B                                         (8B) 판별자 (Direct) | 0x88      ty@Jungle.info.focused@tag                           tag:8B                                         (8B) 판별자 (Direct) | 0x88      ty@Minion.info.nearest_enemy@tag                     tag:8B                                         (8B) 판별자 (Direct) | 0x88      ty@Revenant.info.target_pos@Some.0.0                 u64                                            (8B) | 0x88      ty@Serpen.info.focused@tag                           tag:8B                                         (8B) 판별자 (Direct) | 0x88      ty@SmallJiangshi.info.action.ptr.pointer             pattern_type!(*const alloc::sync::ArcInner<dyn [Binder { value: Trait(game_core::EntityAction), bound_vars: [] }] + '{erased}> is !null) (16B) | 0x88      ty@Tower.info.nearest_enemy@tag                      tag:8B                                         (8B) 판별자 (Direct)	MATCH
14	17	Entity	0x128	ty.Tower.ty: TowerType(i8, range 0..8)	0x128     ty@Eagle.info.stat.hp_regen                          usize                                          (8B) | 0x128     ty@Epic.info.minion_buff.magic_resistance            i32                                            (4B) | 0x128     ty@Ghoul.info.stat.stack                             usize                                          (8B) | 0x128     ty@Jungle.info.stat.stack                            usize                                          (8B) | 0x128     ty@Revenant.info.stat.move_speed                     usize                                          (8B) | 0x128     ty@Serpen.info.permanent_buff.magic_resistance       i32                                            (4B) | 0x128     ty@Tower.info.ty@tag                                 tag:1B                                         (1B) 판별자 (Direct)	MATCH
14	18	GameContext	0x8	setting: &GameSetting(5432B)	0x8       setting                                              &'{erased} game_core::GameSetting              (8B) → game_core::GameSetting	MATCH
14	19	GameContext	0x20	map: &MapDef(28112B)	0x20      map                                                  &'{erased} game_core::MapDef                   (8B) → game_core::MapDef	MATCH
14	20	GameSetting	0x12c0	height: u64	0x12c0    height                                               u64                                            (8B)	MATCH
14	21	MapDef	0x1c98	bushes: [30][30] usize (7200B)	0x1c98    bushes[0][0]                                         usize                                          (8B)	MATCH
14	22	LineGankerPlan	0x0	chats: Vec<Chat> — push	0x0       chats.buf.inner.cap.0                                pattern_type!(usize is 0..=9223372036854775807) (8B)	MATCH
14	23	LineGankerPlan	0x10	chats.len	0x10      chats.len                                            usize                                          (8B)	MATCH
14	24	LineGankerPlan	0x29	phase: LineGankerPhase	0x29      phase@ChangeJungle.0@tag                             tag:1B                                         (1B) 판별자 (Direct) | 0x29      phase@tag                                            tag:1B                                         (1B) 판별자 (Niche)	MATCH
14	25	LineGankerPlan	0x18	setup_limit	0x18      setup_limit                                          usize                                          (8B)	MATCH
14	26	LineGankerPlan	0x20	wait_limit	0x20      wait_limit                                           usize                                          (8B)	MATCH

집계	CHECK=2 · MATCH=88 · NOHIT=3 · SKIP=19
