case	0m2	team=0	tgt=5	obj=1	phase=1	my_d=160000	| pred kind=-1 na=0 ne=2 ca=0 cve=2 cpe=2 sa=3 focus=Some(23) fs=false appr=true iso=true ovl=false lowhp=false | act none=true kind=0 na=0 ne=0 ca=0 pr=149180120101230 focus_tag=-1 focus=0 tgt=0	MATCH	
cfg	0	[00:(491000,672000) hp60%(600/1000) v0][01:(785137,558863) hp35%(350/1000) v0][02:(389158,940000) hp30%(300/1000) v0][03:(906052,679778) hp60%(600/1000) v0][04:(785137,417863) hp100%(1000/1000) v0][10:(785137,598863) hp45%(450/1000) v0][11:(785137,598863) hp51%(510/1000) v0][12:(911709,432291) hp100%(1000/1000) v0][13:(389158,940000) hp45%(450/1000) v1][14:(481000,672000) hp49%(490/1000) v1]
case	1m2	team=1	tgt=5	obj=1	phase=1	my_d=140000	| pred kind=-1 na=1 ne=2 ca=0 cve=1 cpe=2 sa=3 focus=Some(21) fs=false appr=false iso=false ovl=false lowhp=false | act none=true kind=0 na=0 ne=0 ca=0 pr=142696791872379 focus_tag=-1 focus=0 tgt=0	MATCH	
cfg	1	[00:(441000,672000) hp60%(600/1000) v0][01:(833927,833927) hp30%(300/1000) v0][02:(672000,481000) hp100%(1000/1000) v0][03:(648672,555328) hp40%(400/1000) v0][04:(672000,522000) hp100%(1000/1000) v1][10:(447148,587148) hp51%(510/1000) v0][11:(532000,672000) hp34%(340/1000) v0][12:(532000,813000) hp100%(1000/1000) v0][13:(940000,672000) hp100%(1000/1000) v0][14:(940000,672000) hp30%(300/1000) v0]
case	2m2	team=1	tgt=4	obj=0	phase=2	my_d=220000	| pred kind=3 na=1 ne=1 ca=1 cve=0 cpe=1 sa=4 focus=None fs=false appr=true iso=false ovl=false lowhp=false | act none=false kind=3 na=1 ne=1 ca=1 pr=1 focus_tag=0 focus=1335340862432 tgt=4	MATCH	
cfg	2	[00:(272563,132437) hp51%(510/1000) v1][01:(606198,606198) hp39%(390/1000) v0][02:(676908,676908) hp100%(1000/1000) v1][03:(59000,288000) hp39%(390/1000) v0][04:(451341,124659) hp51%(510/1000) v0][10:(160014,160014) hp45%(450/1000) v0][11:(443563,132437) hp35%(350/1000) v0][12:(126073,449927) hp45%(450/1000) v0][13:(316991,20000) hp51%(510/1000) v0][14:(358711,217289) hp45%(450/1000) v0]
case	3m2	team=0	tgt=4	obj=1	phase=2	my_d=160000	| pred kind=-1 na=2 ne=1 ca=0 cve=0 cpe=2 sa=2 focus=None fs=false appr=true iso=false ovl=false lowhp=true | act none=true kind=0 na=0 ne=0 ca=0 pr=12884607973558 focus_tag=-1 focus=0 tgt=0	MATCH	
cfg	3	[00:(20000,288000) hp49%(490/1000) v0][01:(128000,288000) hp34%(340/1000) v0][02:(288000,109000) hp39%(390/1000) v0][03:(288000,467000) hp30%(300/1000) v0][04:(99716,316284) hp40%(400/1000) v0][10:(28298,188298) hp39%(390/1000) v0][11:(288000,688000) hp100%(1000/1000) v0][12:(479000,288000) hp30%(300/1000) v1][13:(288000,788000) hp100%(1000/1000) v0][14:(20000,20000) hp100%(1000/1000) v0]
case	4m2	team=0	tgt=4	obj=0	phase=3	my_d=149000	| pred kind=-1 na=0 ne=0 ca=1 cve=1 cpe=1 sa=3 focus=Some(26) fs=false appr=false iso=false ovl=false lowhp=false | act none=true kind=0 na=0 ne=0 ca=0 pr=229451580704799 focus_tag=-1 focus=0 tgt=0	MATCH	
cfg	4	[00:(20000,288000) hp49%(490/1000) v0][01:(393358,182642) hp34%(340/1000) v0][02:(20000,288000) hp30%(300/1000) v0][03:(161428,414572) hp100%(1000/1000) v0][04:(152943,423057) hp51%(510/1000) v0][10:(641553,641553) hp30%(300/1000) v0][11:(514273,303557) hp49%(490/1000) v0][12:(288000,519000) hp100%(1000/1000) v1][13:(266786,309214) hp45%(450/1000) v0][14:(126073,449927) hp100%(1000/1000) v0]
case	5m2	team=1	tgt=4	obj=0	phase=3	my_d=220000	| pred kind=3 na=1 ne=3 ca=1 cve=1 cpe=0 sa=3 focus=Some(19) fs=true appr=true iso=true ovl=false lowhp=false | act none=false kind=3 na=1 ne=3 ca=1 pr=1 focus_tag=1 focus=19 tgt=4	MATCH	
cfg	5	[00:(288000,517000) hp45%(450/1000) v0][01:(59000,288000) hp30%(300/1000) v0][02:(181934,181934) hp49%(490/1000) v0][03:(288000,517000) hp100%(1000/1000) v0][04:(20000,188298) hp30%(300/1000) v0][10:(288000,738000) hp60%(600/1000) v0][11:(68000,288000) hp35%(350/1000) v0][12:(288000,467000) hp100%(1000/1000) v0][13:(124659,451341) hp60%(600/1000) v0][14:(20000,288000) hp100%(1000/1000) v0]
case	6m2	team=0	tgt=4	obj=0	phase=0	my_d=179000	| pred kind=4 na=0 ne=1 ca=1 cve=1 cpe=2 sa=3 focus=Some(26) fs=false appr=true iso=false ovl=false lowhp=true | act none=false kind=4 na=0 ne=1 ca=1 pr=3 focus_tag=1 focus=26 tgt=4	MATCH	
cfg	6	[00:(414572,326428) hp40%(400/1000) v0][01:(414572,161428) hp34%(340/1000) v0][02:(414572,326428) hp39%(390/1000) v0][03:(20000,606198) hp45%(450/1000) v0][04:(531244,44756) hp45%(450/1000) v0][10:(20000,606198) hp100%(1000/1000) v0][11:(59000,288000) hp49%(490/1000) v1][12:(20000,288000) hp45%(450/1000) v0][13:(293657,282343) hp45%(450/1000) v0][14:(414572,20000) hp100%(1000/1000) v0]
case	7m2	team=0	tgt=5	obj=1	phase=0	my_d=149000	| pred kind=-1 na=2 ne=1 ca=2 cve=1 cpe=0 sa=3 focus=Some(26) fs=false appr=false iso=false ovl=false lowhp=false | act none=true kind=0 na=0 ne=0 ca=0 pr=183433954131128 focus_tag=-1 focus=0 tgt=0	MATCH	
cfg	7	[00:(523000,712000) hp45%(450/1000) v0][01:(523000,672000) hp35%(350/1000) v0][02:(672000,851000) hp40%(400/1000) v0][03:(403000,672000) hp39%(390/1000) v0][04:(536943,536943) hp60%(600/1000) v0][10:(222000,672000) hp100%(1000/1000) v0][11:(940000,940000) hp30%(300/1000) v0][12:(672000,122000) hp39%(390/1000) v0][13:(523000,712000) hp100%(1000/1000) v0][14:(122000,672000) hp40%(400/1000) v0]
case	8m2	team=1	tgt=5	obj=-1	phase=1	my_d=80000	| pred kind=-1 na=1 ne=3 ca=1 cve=2 cpe=0 sa=3 focus=Some(19) fs=true appr=false iso=false ovl=false lowhp=false | act none=true kind=0 na=0 ne=0 ca=0 pr=235029624301824 focus_tag=-1 focus=0 tgt=0	MATCH	
cfg	8	[00:(728568,780432) hp45%(450/1000) v0][01:(867568,615432) hp30%(300/1000) v0][02:(728568,794432) hp45%(450/1000) v1][03:(611896,498760) hp100%(1000/1000) v0][04:(283092,283092) hp49%(490/1000) v0][10:(855140,742004) hp100%(1000/1000) v0][11:(728568,615432) hp34%(340/1000) v0][12:(389158,940000) hp45%(450/1000) v0][13:(222000,672000) hp60%(600/1000) v0][14:(630281,517145) hp100%(1000/1000) v0]
case	9m2	team=1	tgt=5	obj=1	phase=1	my_d=179000	| pred kind=2 na=1 ne=1 ca=1 cve=0 cpe=0 sa=4 focus=Some(22) fs=false appr=true iso=false ovl=false lowhp=false | act none=false kind=2 na=1 ne=1 ca=1 pr=0 focus_tag=1 focus=22 tgt=5	MATCH	
cfg	9	[00:(861000,672000) hp40%(400/1000) v1][01:(510073,510073) hp39%(390/1000) v1][02:(642000,672000) hp100%(1000/1000) v1][03:(940000,940000) hp60%(600/1000) v0][04:(453000,672000) hp30%(300/1000) v0][10:(577852,756852) hp60%(600/1000) v0][11:(493000,672000) hp35%(350/1000) v0][12:(672000,940000) hp100%(1000/1000) v0][13:(672000,940000) hp45%(450/1000) v0][14:(940000,940000) hp40%(400/1000) v0]
case	10m2	team=0	tgt=5	obj=1	phase=2	my_d=151000	| pred kind=-1 na=0 ne=1 ca=0 cve=1 cpe=1 sa=1 focus=None fs=false appr=true iso=false ovl=false lowhp=false | act none=true kind=0 na=0 ne=0 ca=0 pr=12085202315663 focus_tag=-1 focus=0 tgt=0	MATCH	
cfg	10	[00:(903000,672000) hp39%(390/1000) v0][01:(778773,565227) hp35%(350/1000) v0][02:(650787,437241) hp39%(390/1000) v0][03:(905345,438655) hp51%(510/1000) v0][04:(672000,861000) hp30%(300/1000) v0][10:(919773,565227) hp51%(510/1000) v0][11:(536943,807057) hp51%(510/1000) v0][12:(650787,693213) hp49%(490/1000) v0][13:(536943,807057) hp40%(400/1000) v0][14:(940000,353802) hp45%(450/1000) v1]
case	11m2	team=1	tgt=5	obj=1	phase=2	my_d=80000	| pred kind=-1 na=0 ne=0 ca=1 cve=0 cpe=0 sa=3 focus=None fs=false appr=false iso=false ovl=false lowhp=false | act none=true kind=0 na=0 ne=0 ca=0 pr=137382065549484 focus_tag=-1 focus=0 tgt=0	MATCH	
cfg	11	[00:(773000,672000) hp39%(390/1000) v0][01:(798572,545428) hp40%(400/1000) v1][02:(940000,940000) hp40%(400/1000) v0][03:(464014,799986) hp51%(510/1000) v0][04:(851000,672000) hp39%(390/1000) v1][10:(742710,601290) hp40%(400/1000) v0][11:(592000,672000) hp35%(350/1000) v0][12:(672000,940000) hp100%(1000/1000) v0][13:(940000,672000) hp100%(1000/1000) v0][14:(283092,940000) hp30%(300/1000) v0]
case	12m2	team=1	tgt=4	obj=0	phase=3	my_d=181000	| pred kind=2 na=2 ne=0 ca=2 cve=1 cpe=2 sa=4 focus=Some(19) fs=false appr=true iso=false ovl=false lowhp=false | act none=false kind=2 na=2 ne=0 ca=2 pr=3 focus_tag=1 focus=19 tgt=4	MATCH	
cfg	12	[00:(838000,288000) hp30%(300/1000) v0][01:(295071,280929) hp30%(300/1000) v0][02:(20000,676908) hp100%(1000/1000) v0][03:(107000,288000) hp49%(490/1000) v0][04:(20000,288000) hp51%(510/1000) v0][10:(358710,217290) hp100%(1000/1000) v0][11:(415986,160014) hp34%(340/1000) v0][12:(317699,258301) hp40%(400/1000) v0][13:(295071,39099) hp45%(450/1000) v0][14:(288000,479000) hp45%(450/1000) v0]
case	13m2	team=0	tgt=4	obj=0	phase=3	my_d=160000	| pred kind=4 na=0 ne=2 ca=0 cve=0 cpe=2 sa=1 focus=Some(27) fs=true appr=true iso=true ovl=false lowhp=true | act none=false kind=4 na=0 ne=2 ca=0 pr=2 focus_tag=1 focus=27 tgt=4	MATCH	
cfg	13	[00:(838000,288000) hp100%(1000/1000) v0][01:(128000,288000) hp34%(340/1000) v0][02:(20000,415986) hp39%(390/1000) v0][03:(288000,20000) hp100%(1000/1000) v0][04:(288000,99000) hp39%(390/1000) v0][10:(20000,161428) hp45%(450/1000) v0][11:(20000,641553) hp39%(390/1000) v0][12:(20000,20000) hp100%(1000/1000) v0][13:(288000,438000) hp100%(1000/1000) v1][14:(128000,147000) hp51%(510/1000) v0]
case	14m2	team=1	tgt=4	obj=0	phase=0	my_d=140000	| pred kind=-1 na=1 ne=2 ca=1 cve=1 cpe=1 sa=3 focus=Some(22) fs=false appr=false iso=false ovl=false lowhp=false | act none=true kind=0 na=0 ne=0 ca=0 pr=175598084930421 focus_tag=-1 focus=0 tgt=0	MATCH	
cfg	14	[00:(152943,152943) hp100%(1000/1000) v1][01:(641553,641553) hp39%(390/1000) v0][02:(124659,124659) hp40%(400/1000) v0][03:(288000,20000) hp40%(400/1000) v0][04:(330006,189006) hp51%(510/1000) v0][10:(477000,288000) hp49%(490/1000) v0][11:(189006,189006) hp34%(340/1000) v0][12:(104154,273858) hp40%(400/1000) v0][13:(217290,358710) hp60%(600/1000) v0][14:(99000,288000) hp39%(390/1000) v0]
case	15m2	team=1	tgt=4	obj=0	phase=0	my_d=220000	| pred kind=4 na=0 ne=2 ca=1 cve=4 cpe=2 sa=2 focus=Some(22) fs=false appr=true iso=true ovl=true lowhp=false | act none=false kind=4 na=0 ne=2 ca=1 pr=6 focus_tag=1 focus=22 tgt=4	MATCH	
cfg	15	[00:(217290,217290) hp100%(1000/1000) v0][01:(408915,188915) hp40%(400/1000) v0][02:(838000,288000) hp100%(1000/1000) v1][03:(469000,288000) hp40%(400/1000) v0][04:(288000,138000) hp40%(400/1000) v0][10:(788000,288000) hp40%(400/1000) v0][11:(288000,68000) hp35%(350/1000) v0][12:(288000,233000) hp100%(1000/1000) v0][13:(606198,606198) hp49%(490/1000) v0][14:(20000,20000) hp100%(1000/1000) v0]
case	16m2	team=0	tgt=4	obj=1	phase=1	my_d=160000	| pred kind=-1 na=1 ne=1 ca=1 cve=2 cpe=2 sa=3 focus=Some(27) fs=false appr=true iso=false ovl=false lowhp=false | act none=true kind=0 na=0 ne=0 ca=0 pr=185092023683763 focus_tag=-1 focus=0 tgt=0	MATCH	
cfg	16	[00:(76576,76576) hp100%(1000/1000) v0][01:(174863,174863) hp35%(350/1000) v0][02:(288000,20000) hp30%(300/1000) v0][03:(318000,288000) hp49%(490/1000) v0][04:(415986,415986) hp40%(400/1000) v0][10:(20000,570842) hp39%(390/1000) v0][11:(451341,124659) hp60%(600/1000) v1][12:(174863,345863) hp40%(400/1000) v0][13:(20000,570842) hp40%(400/1000) v0][14:(161428,161428) hp60%(600/1000) v0]
case	17m2	team=0	tgt=5	obj=1	phase=1	my_d=149000	| pred kind=-1 na=0 ne=0 ca=1 cve=0 cpe=0 sa=2 focus=None fs=false appr=false iso=false ovl=false lowhp=false | act none=true kind=0 na=0 ne=0 ca=0 pr=193044260902254 focus_tag=-1 focus=0 tgt=0	MATCH	
cfg	17	[00:(318447,318447) hp100%(1000/1000) v0][01:(672000,523000) hp35%(350/1000) v0][02:(533000,523000) hp39%(390/1000) v0][03:(771702,622702) hp40%(400/1000) v0][04:(318447,940000) hp100%(1000/1000) v0][10:(272000,672000) hp30%(300/1000) v0][11:(940000,672000) hp40%(400/1000) v0][12:(272000,672000) hp100%(1000/1000) v0][13:(672000,940000) hp60%(600/1000) v0][14:(940000,318447) hp39%(390/1000) v0]
case	18m2	team=1	tgt=5	obj=1	phase=2	my_d=220000	| pred kind=4 na=1 ne=1 ca=1 cve=0 cpe=2 sa=2 focus=Some(20) fs=true appr=true iso=false ovl=false lowhp=true | act none=false kind=4 na=1 ne=1 ca=1 pr=2 focus_tag=1 focus=20 tgt=5	MATCH	
cfg	18	[00:(318447,318447) hp100%(1000/1000) v0][01:(222000,672000) hp39%(390/1000) v0][02:(672000,481000) hp100%(1000/1000) v0][03:(644423,388451) hp100%(1000/1000) v1][04:(516437,396437) hp60%(600/1000) v1][10:(375437,516437) hp100%(1000/1000) v0][11:(516437,516437) hp34%(340/1000) v0][12:(538357,805643) hp40%(400/1000) v0][13:(222000,672000) hp40%(400/1000) v0][14:(614724,614724) hp100%(1000/1000) v0]
case	19m2	team=0	tgt=5	obj=1	phase=2	my_d=179000	| pred kind=-1 na=1 ne=0 ca=1 cve=0 cpe=2 sa=4 focus=None fs=false appr=true iso=false ovl=false lowhp=false | act none=true kind=0 na=0 ne=0 ca=0 pr=273234835974833 focus_tag=-1 focus=0 tgt=0	MATCH	
cfg	19	[00:(798572,366428) hp100%(1000/1000) v0][01:(672000,493000) hp35%(350/1000) v0][02:(672000,533000) hp40%(400/1000) v0][03:(510073,833927) hp60%(600/1000) v0][04:(940000,283092) hp51%(510/1000) v0][10:(672000,122000) hp100%(1000/1000) v1][11:(798572,366428) hp40%(400/1000) v0][12:(672000,491000) hp51%(510/1000) v1][13:(672000,940000) hp60%(600/1000) v0][14:(778066,778066) hp100%(1000/1000) v1]
case	20m2	team=0	tgt=5	obj=1	phase=2	my_d=149000	| pred kind=-1 na=1 ne=0 ca=0 cve=0 cpe=0 sa=2 focus=None fs=true appr=false iso=false ovl=false lowhp=false | act none=true kind=0 na=0 ne=0 ca=0 pr=133088182329576 focus_tag=-1 focus=0 tgt=0	MATCH	
cfg	20	[00:(664929,468355) hp60%(600/1000) v0][01:(566642,566642) hp35%(350/1000) v0][02:(672000,940000) hp30%(300/1000) v0][03:(672000,940000) hp49%(490/1000) v0][04:(438656,438656) hp100%(1000/1000) v0][10:(822000,672000) hp100%(1000/1000) v1][11:(672000,901000) hp60%(600/1000) v0][12:(651494,651494) hp40%(400/1000) v1][13:(440070,693214) hp40%(400/1000) v1][14:(272000,672000) hp45%(450/1000) v0]
case	21m2	team=1	tgt=5	obj=-1	phase=3	my_d=80000	| pred kind=-1 na=0 ne=0 ca=1 cve=0 cpe=1 sa=2 focus=Some(19) fs=false appr=false iso=false ovl=false lowhp=false | act none=true kind=0 na=0 ne=0 ca=0 pr=237743561455909 focus_tag=-1 focus=0 tgt=0	MATCH	
cfg	21	[00:(798572,465428) hp60%(600/1000) v0][01:(843000,592000) hp39%(390/1000) v0][02:(940000,318447) hp60%(600/1000) v0][03:(573713,690287) hp100%(1000/1000) v1][04:(940000,940000) hp45%(450/1000) v0][10:(508659,835341) hp30%(300/1000) v0][11:(672000,592000) hp35%(350/1000) v0][12:(672000,772000) hp60%(600/1000) v0][13:(510073,510073) hp45%(450/1000) v0][14:(672000,940000) hp30%(300/1000) v0]
case	22m2	team=1	tgt=4	obj=0	phase=3	my_d=179000	| pred kind=-1 na=0 ne=0 ca=0 cve=1 cpe=2 sa=2 focus=None fs=false appr=true iso=false ovl=false lowhp=false | act none=true kind=0 na=0 ne=0 ca=0 pr=7856960969735 focus_tag=-1 focus=0 tgt=0	MATCH	
cfg	22	[00:(309213,266787) hp51%(510/1000) v0][01:(20000,20000) hp40%(400/1000) v0][02:(160014,160014) hp40%(400/1000) v1][03:(288000,438000) hp60%(600/1000) v1][04:(20000,20000) hp100%(1000/1000) v0][10:(20000,676908) hp100%(1000/1000) v0][11:(161428,161428) hp34%(340/1000) v0][12:(20000,606198) hp30%(300/1000) v0][13:(278100,44756) hp39%(390/1000) v0][14:(415986,160014) hp45%(450/1000) v0]
case	23m2	team=0	tgt=4	obj=0	phase=0	my_d=151000	| pred kind=4 na=2 ne=2 ca=1 cve=2 cpe=3 sa=4 focus=Some(26) fs=false appr=true iso=false ovl=false lowhp=true | act none=false kind=4 na=2 ne=2 ca=1 pr=5 focus_tag=1 focus=26 tgt=4	MATCH	
cfg	23	[00:(415986,160014) hp49%(490/1000) v0][01:(288000,137000) hp34%(340/1000) v0][02:(161428,161428) hp40%(400/1000) v0][03:(404672,20328) hp100%(1000/1000) v0][04:(453000,137000) hp100%(1000/1000) v0][10:(372852,52148) hp60%(600/1000) v1][11:(288000,302000) hp45%(450/1000) v1][12:(414572,161428) hp51%(510/1000) v0][13:(288000,177000) hp60%(600/1000) v0][14:(161428,20000) hp49%(490/1000) v0]
case	24m2	team=1	tgt=4	obj=0	phase=0	my_d=80000	| pred kind=-1 na=0 ne=0 ca=0 cve=1 cpe=1 sa=2 focus=None fs=false appr=false iso=false ovl=false lowhp=false | act none=true kind=0 na=0 ne=0 ca=0 pr=20174568565343 focus_tag=-1 focus=0 tgt=0	MATCH	
cfg	24	[00:(124659,451341) hp60%(600/1000) v1][01:(606198,20000) hp39%(390/1000) v1][02:(288000,788000) hp45%(450/1000) v0][03:(288000,20000) hp51%(510/1000) v0][04:(421643,421643) hp100%(1000/1000) v0][10:(20000,20000) hp45%(450/1000) v0][11:(231432,231432) hp34%(340/1000) v0][12:(20000,570842) hp30%(300/1000) v0][13:(451341,451341) hp49%(490/1000) v0][14:(161428,161428) hp39%(390/1000) v0]
case	25m2	team=1	tgt=4	obj=-1	phase=1	my_d=181000	| pred kind=-1 na=1 ne=3 ca=0 cve=3 cpe=0 sa=1 focus=Some(22) fs=true appr=true iso=true ovl=true lowhp=false | act none=true kind=0 na=0 ne=0 ca=0 pr=171038881901489 focus_tag=-1 focus=0 tgt=0	MATCH	
cfg	25	[00:(167085,227915) hp51%(510/1000) v0][01:(449927,126073) hp39%(390/1000) v0][02:(147000,107000) hp39%(390/1000) v0][03:(388000,288000) hp49%(490/1000) v0][04:(161428,161428) hp45%(450/1000) v0][10:(259716,78716) hp39%(390/1000) v0][11:(288000,107000) hp35%(350/1000) v0][12:(288000,838000) hp60%(600/1000) v0][13:(570842,570842) hp30%(300/1000) v0][14:(288000,20000) hp60%(600/1000) v0]
case	26m2	team=0	tgt=5	obj=1	phase=1	my_d=151000	| pred kind=-1 na=1 ne=1 ca=1 cve=1 cpe=1 sa=3 focus=Some(27) fs=false appr=true iso=false ovl=false lowhp=false | act none=true kind=0 na=0 ne=0 ca=0 pr=62960198760514 focus_tag=-1 focus=0 tgt=0	MATCH	
cfg	26	[00:(353802,940000) hp49%(490/1000) v0][01:(565227,565227) hp35%(350/1000) v0][02:(283092,940000) hp40%(400/1000) v0][03:(642000,672000) hp45%(450/1000) v0][04:(525227,565227) hp30%(300/1000) v0][10:(940000,940000) hp49%(490/1000) v0][11:(272000,672000) hp100%(1000/1000) v0][12:(940000,672000) hp100%(1000/1000) v0][13:(536943,807057) hp30%(300/1000) v0][14:(672000,493000) hp60%(600/1000) v0]
case	27m2	team=0	tgt=5	obj=1	phase=2	my_d=140000	| pred kind=-1 na=1 ne=1 ca=2 cve=3 cpe=1 sa=3 focus=Some(24) fs=false appr=false iso=false ovl=false lowhp=false | act none=true kind=0 na=0 ne=0 ca=0 pr=196765522140711 focus_tag=-1 focus=0 tgt=0	MATCH	
cfg	27	[00:(565934,778066) hp49%(490/1000) v0][01:(672000,532000) hp35%(350/1000) v0][02:(778066,778066) hp40%(400/1000) v0][03:(389158,389158) hp39%(390/1000) v0][04:(672000,481000) hp51%(510/1000) v0][10:(672000,940000) hp45%(450/1000) v0][11:(587148,616852) hp49%(490/1000) v0][12:(672000,711000) hp60%(600/1000) v0][13:(672000,851000) hp60%(600/1000) v0][14:(501000,532000) hp100%(1000/1000) v1]
case	28m2	team=1	tgt=5	obj=1	phase=2	my_d=181000	| pred kind=4 na=1 ne=1 ca=2 cve=2 cpe=1 sa=2 focus=Some(21) fs=false appr=true iso=false ovl=false lowhp=true | act none=false kind=4 na=1 ne=1 ca=2 pr=3 focus_tag=1 focus=21 tgt=5	MATCH	
cfg	28	[00:(805643,805643) hp45%(450/1000) v0][01:(693213,693213) hp39%(390/1000) v1][02:(538357,805643) hp100%(1000/1000) v0][03:(643716,444312) hp40%(400/1000) v0][04:(416028,416028) hp100%(1000/1000) v1][10:(672000,822000) hp45%(450/1000) v0][11:(544014,544014) hp34%(340/1000) v0][12:(445727,642301) hp30%(300/1000) v0][13:(544014,709014) hp39%(390/1000) v0][14:(664014,544014) hp100%(1000/1000) v0]
case	29m2	team=0	tgt=5	obj=0	phase=3	my_d=160000	| pred kind=-1 na=0 ne=1 ca=2 cve=1 cpe=1 sa=3 focus=Some(25) fs=false appr=true iso=false ovl=false lowhp=false | act none=true kind=0 na=0 ne=0 ca=0 pr=278106488093092 focus_tag=-1 focus=0 tgt=0	MATCH	
cfg	29	[00:(788672,628672) hp40%(400/1000) v0][01:(672000,512000) hp35%(350/1000) v0][02:(672000,371000) hp39%(390/1000) v0][03:(555328,395328) hp100%(1000/1000) v0][04:(792915,632915) hp45%(450/1000) v0][10:(672000,172000) hp39%(390/1000) v0][11:(572000,672000) hp49%(490/1000) v0][12:(531000,512000) hp39%(390/1000) v0][13:(672000,940000) hp49%(490/1000) v1][14:(940000,672000) hp100%(1000/1000) v0]
case	30m2	team=0	tgt=5	obj=1	phase=3	my_d=140000	| pred kind=-1 na=1 ne=3 ca=0 cve=1 cpe=0 sa=3 focus=Some(23) fs=true appr=false iso=false ovl=false lowhp=false | act none=true kind=0 na=0 ne=0 ca=0 pr=109972580837746 focus_tag=-1 focus=0 tgt=0	MATCH	
cfg	30	[00:(940000,940000) hp40%(400/1000) v0][01:(573006,573006) hp34%(340/1000) v0][02:(672000,483000) hp40%(400/1000) v0][03:(672000,222000) hp51%(510/1000) v0][04:(536943,807057) hp60%(600/1000) v0][10:(650787,650787) hp39%(390/1000) v0][11:(508659,835341) hp100%(1000/1000) v0][12:(672000,493000) hp100%(1000/1000) v0][13:(353802,940000) hp30%(300/1000) v0][14:(473304,473304) hp40%(400/1000) v0]
case	31m2	team=1	tgt=4	obj=0	phase=0	my_d=220000	| pred kind=3 na=1 ne=1 ca=1 cve=1 cpe=0 sa=2 focus=Some(19) fs=false appr=true iso=false ovl=false lowhp=false | act none=false kind=3 na=1 ne=1 ca=1 pr=1 focus_tag=1 focus=19 tgt=4	MATCH	
cfg	31	[00:(570842,570842) hp39%(390/1000) v1][01:(248000,68000) hp40%(400/1000) v0][02:(318000,288000) hp100%(1000/1000) v0][03:(408915,188915) hp30%(300/1000) v0][04:(838000,288000) hp49%(490/1000) v0][10:(288000,20000) hp60%(600/1000) v0][11:(288000,68000) hp35%(350/1000) v0][12:(288000,318000) hp49%(490/1000) v0][13:(449927,126073) hp39%(390/1000) v0][14:(641553,20000) hp30%(300/1000) v0]
case	32m2	team=1	tgt=4	obj=0	phase=0	my_d=160000	| pred kind=4 na=1 ne=1 ca=2 cve=1 cpe=0 sa=3 focus=None fs=false appr=true iso=false ovl=false lowhp=true | act none=false kind=4 na=1 ne=1 ca=2 pr=1 focus_tag=0 focus=2362936896352 tgt=4	MATCH	
cfg	32	[00:(570842,570842) hp30%(300/1000) v0][01:(288000,318000) hp39%(390/1000) v1][02:(288000,467000) hp45%(450/1000) v0][03:(288000,519000) hp100%(1000/1000) v0][04:(174863,20000) hp100%(1000/1000) v0][10:(449927,449927) hp49%(490/1000) v0][11:(174863,174863) hp34%(340/1000) v0][12:(20000,570842) hp30%(300/1000) v0][13:(414572,161428) hp100%(1000/1000) v0][14:(188000,288000) hp45%(450/1000) v0]
case	33m2	team=0	tgt=4	obj=1	phase=1	my_d=149000	| pred kind=-1 na=1 ne=3 ca=1 cve=2 cpe=0 sa=2 focus=Some(27) fs=false appr=false iso=false ovl=false lowhp=false | act none=true kind=0 na=0 ne=0 ca=0 pr=249055453667776 focus_tag=-1 focus=0 tgt=0	MATCH	
cfg	33	[00:(288000,20000) hp39%(390/1000) v0][01:(288000,139000) hp34%(340/1000) v0][02:(288000,318000) hp39%(390/1000) v0][03:(438000,288000) hp100%(1000/1000) v0][04:(423057,152943) hp100%(1000/1000) v0][10:(404672,22328) hp100%(1000/1000) v0][11:(386287,40713) hp45%(450/1000) v1][12:(20000,676908) hp40%(400/1000) v0][13:(288000,304000) hp49%(490/1000) v0][14:(288000,99000) hp40%(400/1000) v0]
case	34m2	team=1	tgt=4	obj=0	phase=1	my_d=220000	| pred kind=4 na=1 ne=2 ca=0 cve=1 cpe=2 sa=2 focus=Some(19) fs=false appr=true iso=true ovl=false lowhp=true | act none=false kind=4 na=1 ne=2 ca=0 pr=3 focus_tag=1 focus=19 tgt=4	MATCH	
cfg	34	[00:(508000,107000) hp39%(390/1000) v0][01:(467000,288000) hp40%(400/1000) v0][02:(288000,20000) hp100%(1000/1000) v0][03:(20000,288000) hp100%(1000/1000) v0][04:(479000,288000) hp100%(1000/1000) v0][10:(606287,189713) hp100%(1000/1000) v0][11:(508000,288000) hp34%(340/1000) v0][12:(154357,421643) hp100%(1000/1000) v0][13:(676908,676908) hp40%(400/1000) v0][14:(288000,258000) hp39%(390/1000) v0]
case	35m2	team=1	tgt=4	obj=0	phase=2	my_d=179000	| pred kind=-1 na=0 ne=1 ca=0 cve=0 cpe=1 sa=3 focus=None fs=true appr=true iso=false ovl=false lowhp=false | act none=true kind=0 na=0 ne=0 ca=0 pr=238735740158146 focus_tag=-1 focus=0 tgt=0	MATCH	
cfg	35	[00:(288000,20000) hp30%(300/1000) v0][01:(555572,414572) hp40%(400/1000) v0][02:(442856,442856) hp40%(400/1000) v1][03:(126073,126073) hp100%(1000/1000) v0][04:(288000,20000) hp45%(450/1000) v0][10:(606198,20000) hp100%(1000/1000) v0][11:(414572,414572) hp35%(350/1000) v0][12:(288000,838000) hp51%(510/1000) v0][13:(288000,20000) hp100%(1000/1000) v0][14:(20000,20000) hp60%(600/1000) v0]
case	36m2	team=0	tgt=5	obj=1	phase=2	my_d=149000	| pred kind=-1 na=0 ne=0 ca=1 cve=0 cpe=0 sa=2 focus=None fs=false appr=false iso=false ovl=false lowhp=false | act none=true kind=0 na=0 ne=0 ca=0 pr=44253884420539 focus_tag=-1 focus=0 tgt=0	MATCH	
cfg	36	[00:(672000,522000) hp100%(1000/1000) v0][01:(821000,672000) hp35%(350/1000) v0][02:(510073,510073) hp39%(390/1000) v0][03:(353802,940000) hp40%(400/1000) v0][04:(940000,672000) hp30%(300/1000) v0][10:(940000,940000) hp60%(600/1000) v0][11:(940000,318447) hp100%(1000/1000) v0][12:(792716,643716) hp51%(510/1000) v1][13:(940000,798572) hp100%(1000/1000) v0][14:(940000,672000) hp51%(510/1000) v1]
case	37m2	team=1	tgt=5	obj=1	phase=3	my_d=80000	| pred kind=-1 na=0 ne=1 ca=0 cve=1 cpe=1 sa=4 focus=Some(19) fs=false appr=false iso=false ovl=false lowhp=false | act none=true kind=0 na=0 ne=0 ca=0 pr=217498440894905 focus_tag=-1 focus=0 tgt=0	MATCH	
cfg	37	[00:(672000,481000) hp100%(1000/1000) v0][01:(813420,643716) hp40%(400/1000) v0][02:(940000,318447) hp60%(600/1000) v0][03:(672000,940000) hp51%(510/1000) v0][04:(728568,909568) hp45%(450/1000) v0][10:(863000,672000) hp40%(400/1000) v0][11:(728568,728568) hp35%(350/1000) v0][12:(940000,672000) hp51%(510/1000) v0][13:(672000,940000) hp40%(400/1000) v0][14:(940000,672000) hp45%(450/1000) v0]
case	38m2	team=1	tgt=5	obj=-1	phase=3	my_d=179000	| pred kind=-1 na=1 ne=2 ca=0 cve=4 cpe=1 sa=3 focus=Some(20) fs=false appr=true iso=true ovl=true lowhp=true | act none=true kind=0 na=0 ne=0 ca=0 pr=276730050858449 focus_tag=-1 focus=0 tgt=0	MATCH	
cfg	38	[00:(670000,672000) hp100%(1000/1000) v0][01:(798572,545428) hp40%(400/1000) v0][02:(751298,572298) hp40%(400/1000) v0][03:(724428,798572) hp51%(510/1000) v0][04:(805643,805643) hp30%(300/1000) v1][10:(903000,672000) hp30%(300/1000) v0][11:(851000,672000) hp34%(340/1000) v0][12:(940000,940000) hp100%(1000/1000) v0][13:(940000,672000) hp100%(1000/1000) v0][14:(508659,835341) hp100%(1000/1000) v0]
case	39m2	team=0	tgt=5	obj=1	phase=0	my_d=151000	| pred kind=4 na=1 ne=3 ca=2 cve=2 cpe=1 sa=3 focus=Some(25) fs=false appr=true iso=true ovl=false lowhp=true | act none=false kind=4 na=1 ne=3 ca=2 pr=3 focus_tag=1 focus=25 tgt=5	MATCH	
cfg	39	[00:(639773,778773) hp100%(1000/1000) v0][01:(778773,778773) hp34%(340/1000) v0][02:(652201,905345) hp45%(450/1000) v0][03:(599773,778773) hp60%(600/1000) v0][04:(483000,672000) hp39%(390/1000) v0][10:(222000,672000) hp49%(490/1000) v0][11:(778066,565934) hp49%(490/1000) v0][12:(672000,772000) hp100%(1000/1000) v0][13:(903000,672000) hp45%(450/1000) v0][14:(895445,895445) hp100%(1000/1000) v0]
case	40m2	team=0	tgt=5	obj=1	phase=0	my_d=80000	| pred kind=-1 na=1 ne=0 ca=1 cve=0 cpe=0 sa=2 focus=None fs=false appr=false iso=false ovl=false lowhp=false | act none=true kind=0 na=0 ne=0 ca=0 pr=275384640136512 focus_tag=-1 focus=0 tgt=0	MATCH	
cfg	40	[00:(172000,672000) hp100%(1000/1000) v0][01:(752000,672000) hp34%(340/1000) v0][02:(353802,940000) hp39%(390/1000) v0][03:(799986,544014) hp49%(490/1000) v0][04:(611000,672000) hp49%(490/1000) v0][10:(536943,536943) hp45%(450/1000) v0][11:(672000,940000) hp30%(300/1000) v1][12:(272000,672000) hp51%(510/1000) v0][13:(833927,833927) hp100%(1000/1000) v1][14:(672000,491000) hp30%(300/1000) v0]
case	41m2	team=1	tgt=4	obj=0	phase=1	my_d=181000	| pred kind=3 na=1 ne=2 ca=0 cve=0 cpe=0 sa=4 focus=Some(21) fs=false appr=true iso=true ovl=false lowhp=false | act none=false kind=3 na=1 ne=2 ca=0 pr=0 focus_tag=1 focus=21 tgt=4	MATCH	
cfg	41	[00:(109000,288000) hp60%(600/1000) v1][01:(532658,532658) hp40%(400/1000) v0][02:(59000,288000) hp39%(390/1000) v0][03:(444270,444270) hp40%(400/1000) v0][04:(536901,536901) hp49%(490/1000) v0][10:(20000,288000) hp45%(450/1000) v0][11:(415986,415986) hp35%(350/1000) v0][12:(455986,415986) hp45%(450/1000) v0][13:(421643,154357) hp100%(1000/1000) v0][14:(20000,288000) hp100%(1000/1000) v0]
case	42m2	team=0	tgt=4	obj=0	phase=1	my_d=151000	| pred kind=4 na=1 ne=1 ca=0 cve=0 cpe=1 sa=3 focus=None fs=false appr=true iso=false ovl=false lowhp=true | act none=false kind=4 na=1 ne=1 ca=0 pr=1 focus_tag=0 focus=2643002169248 tgt=4	MATCH	
cfg	42	[00:(59000,288000) hp100%(1000/1000) v0][01:(439000,288000) hp34%(340/1000) v0][02:(288000,20000) hp40%(400/1000) v0][03:(641553,20000) hp30%(300/1000) v0][04:(415986,415986) hp40%(400/1000) v0][10:(477000,288000) hp40%(400/1000) v1][11:(161428,161428) hp30%(300/1000) v0][12:(288000,20000) hp39%(390/1000) v0][13:(415986,415986) hp100%(1000/1000) v1][14:(578000,288000) hp100%(1000/1000) v0]
case	43m2	team=0	tgt=4	obj=0	phase=2	my_d=140000	| pred kind=-1 na=1 ne=0 ca=1 cve=1 cpe=1 sa=2 focus=None fs=false appr=false iso=false ovl=false lowhp=false | act none=true kind=0 na=0 ne=0 ca=0 pr=17391767284225 focus_tag=-1 focus=0 tgt=0	MATCH	
cfg	43	[00:(288000,788000) hp60%(600/1000) v0][01:(386994,386994) hp35%(350/1000) v0][02:(386994,266994) hp45%(450/1000) v0][03:(288000,20000) hp100%(1000/1000) v0][04:(570842,570842) hp100%(1000/1000) v0][10:(259008,514980) hp39%(390/1000) v1][11:(20000,288000) hp51%(510/1000) v0][12:(507909,507909) hp100%(1000/1000) v0][13:(838000,288000) hp45%(450/1000) v0][14:(161428,161428) hp45%(450/1000) v0]
case	44m2	team=1	tgt=4	obj=0	phase=2	my_d=220000	| pred kind=-1 na=2 ne=0 ca=0 cve=1 cpe=1 sa=3 focus=None fs=false appr=true iso=false ovl=false lowhp=false | act none=true kind=0 na=0 ne=0 ca=0 pr=117268412640656 focus_tag=-1 focus=0 tgt=0	MATCH	
cfg	44	[00:(288000,788000) hp60%(600/1000) v0][01:(59000,288000) hp39%(390/1000) v0][02:(160014,415986) hp100%(1000/1000) v0][03:(20000,288000) hp30%(300/1000) v1][04:(628915,408915) hp39%(390/1000) v0][10:(536284,316284) hp60%(600/1000) v0][11:(508000,288000) hp34%(340/1000) v0][12:(606287,386287) hp100%(1000/1000) v0][13:(288000,20000) hp100%(1000/1000) v0][14:(126073,126073) hp39%(390/1000) v0]
case	45m2	team=1	tgt=4	obj=0	phase=3	my_d=160000	| pred kind=1 na=2 ne=0 ca=2 cve=0 cpe=0 sa=3 focus=None fs=false appr=true iso=false ovl=false lowhp=false | act none=false kind=1 na=2 ne=0 ca=2 pr=0 focus_tag=0 focus=1724272463584 tgt=4	MATCH	
cfg	45	[00:(288000,738000) hp51%(510/1000) v0][01:(20000,288000) hp40%(400/1000) v1][02:(570842,20000) hp60%(600/1000) v0][03:(154357,154357) hp100%(1000/1000) v1][04:(301435,301435) hp51%(510/1000) v1][10:(301435,500839) hp45%(450/1000) v0][11:(401137,401137) hp35%(350/1000) v0][12:(388000,288000) hp45%(450/1000) v0][13:(262137,401137) hp60%(600/1000) v0][14:(676908,676908) hp60%(600/1000) v0]
case	46m2	team=0	tgt=5	obj=0	phase=3	my_d=149000	| pred kind=-1 na=0 ne=1 ca=1 cve=0 cpe=2 sa=3 focus=Some(25) fs=false appr=false iso=false ovl=false lowhp=false | act none=true kind=0 na=0 ne=0 ca=0 pr=233322339430400 focus_tag=-1 focus=0 tgt=0	MATCH	
cfg	46	[00:(821000,843000) hp49%(490/1000) v0][01:(821000,672000) hp35%(350/1000) v0][02:(672000,822000) hp40%(400/1000) v0][03:(721298,572298) hp39%(390/1000) v0][04:(937672,555328) hp100%(1000/1000) v0][10:(672000,172000) hp100%(1000/1000) v1][11:(522000,672000) hp39%(390/1000) v0][12:(799986,544014) hp39%(390/1000) v0][13:(940000,940000) hp100%(1000/1000) v0][14:(905852,756852) hp45%(450/1000) v1]
case	47m2	team=1	tgt=5	obj=1	phase=0	my_d=220000	| pred kind=3 na=0 ne=2 ca=1 cve=0 cpe=1 sa=3 focus=None fs=false appr=true iso=true ovl=false lowhp=false | act none=false kind=3 na=0 ne=2 ca=1 pr=1 focus_tag=0 focus=1612466194736 tgt=5	MATCH	
cfg	47	[00:(940000,827563) hp49%(490/1000) v0][01:(940000,672000) hp45%(450/1000) v1][02:(940000,827563) hp100%(1000/1000) v0][03:(940000,672000) hp60%(600/1000) v1][04:(508659,835341) hp51%(510/1000) v0][10:(545428,545428) hp39%(390/1000) v0][11:(827563,827563) hp35%(350/1000) v0][12:(702000,672000) hp45%(450/1000) v0][13:(672000,901000) hp100%(1000/1000) v0][14:(318447,940000) hp40%(400/1000) v0]
case	48m2	team=1	tgt=5	obj=1	phase=0	my_d=179000	| pred kind=4 na=1 ne=5 ca=0 cve=2 cpe=0 sa=4 focus=Some(20) fs=false appr=true iso=true ovl=false lowhp=true | act none=false kind=4 na=1 ne=5 ca=0 pr=2 focus_tag=1 focus=20 tgt=5	MATCH	
cfg	48	[00:(940000,672000) hp45%(450/1000) v0][01:(901000,672000) hp39%(390/1000) v0][02:(851000,712000) hp45%(450/1000) v0][03:(766148,756852) hp51%(510/1000) v0][04:(940000,672000) hp39%(390/1000) v0][10:(538357,538357) hp100%(1000/1000) v0][11:(851000,672000) hp34%(340/1000) v0][12:(807057,807057) hp100%(1000/1000) v0][13:(940000,672000) hp51%(510/1000) v0][14:(672000,861000) hp100%(1000/1000) v0]
case	49m2	team=0	tgt=5	obj=1	phase=0	my_d=149000	| pred kind=-1 na=2 ne=2 ca=0 cve=2 cpe=1 sa=3 focus=Some(24) fs=false appr=false iso=false ovl=false lowhp=false | act none=true kind=0 na=0 ne=0 ca=0 pr=71884063602423 focus_tag=-1 focus=0 tgt=0	MATCH	
cfg	49	[00:(940000,672000) hp40%(400/1000) v0][01:(777358,777358) hp34%(340/1000) v0][02:(318447,318447) hp40%(400/1000) v0][03:(799986,799986) hp51%(510/1000) v0][04:(897358,777358) hp100%(1000/1000) v0][10:(222000,672000) hp49%(490/1000) v0][11:(777358,737358) hp60%(600/1000) v0][12:(940000,672000) hp60%(600/1000) v0][13:(940000,777358) hp45%(450/1000) v1][14:(822000,672000) hp60%(600/1000) v0]
case	50m2	team=0	tgt=4	obj=0	phase=1	my_d=80000	| pred kind=1 na=2 ne=1 ca=2 cve=1 cpe=1 sa=3 focus=Some(23) fs=true appr=false iso=false ovl=false lowhp=false | act none=false kind=1 na=2 ne=1 ca=2 pr=2 focus_tag=1 focus=23 tgt=4	MATCH	
cfg	50	[00:(438000,288000) hp49%(490/1000) v0][01:(368000,288000) hp34%(340/1000) v0][02:(394066,181934) hp40%(400/1000) v0][03:(838000,288000) hp45%(450/1000) v0][04:(517000,288000) hp49%(490/1000) v0][10:(358710,217290) hp49%(490/1000) v0][11:(247085,408915) hp40%(400/1000) v1][12:(288000,738000) hp49%(490/1000) v0][13:(495986,415986) hp100%(1000/1000) v0][14:(20000,20000) hp100%(1000/1000) v0]
case	51m2	team=1	tgt=4	obj=1	phase=1	my_d=179000	| pred kind=-1 na=0 ne=2 ca=0 cve=1 cpe=1 sa=2 focus=Some(21) fs=false appr=true iso=true ovl=false lowhp=false | act none=true kind=0 na=0 ne=0 ca=0 pr=208639926376705 focus_tag=-1 focus=0 tgt=0	MATCH	
cfg	51	[00:(477000,288000) hp45%(450/1000) v1][01:(676908,20000) hp45%(450/1000) v1][02:(676908,676908) hp40%(400/1000) v0][03:(414572,249572) hp45%(450/1000) v0][04:(517000,288000) hp60%(600/1000) v0][10:(288000,688000) hp39%(390/1000) v0][11:(414572,414572) hp35%(350/1000) v0][12:(838000,288000) hp39%(390/1000) v0][13:(20000,641553) hp51%(510/1000) v0][14:(606198,20000) hp100%(1000/1000) v0]
case	52m2	team=0	tgt=4	obj=0	phase=2	my_d=151000	| pred kind=2 na=0 ne=1 ca=2 cve=2 cpe=1 sa=3 focus=Some(23) fs=false appr=true iso=false ovl=false lowhp=false | act none=false kind=2 na=0 ne=1 ca=2 pr=3 focus_tag=1 focus=23 tgt=4	MATCH	
cfg	52	[00:(322328,171328) hp40%(400/1000) v0][01:(439000,288000) hp35%(350/1000) v0][02:(126073,449927) hp40%(400/1000) v0][03:(288000,688000) hp30%(300/1000) v0][04:(188000,288000) hp40%(400/1000) v0][10:(438000,288000) hp40%(400/1000) v0][11:(288000,20000) hp40%(400/1000) v0][12:(258000,288000) hp100%(1000/1000) v1][13:(565572,414572) hp100%(1000/1000) v0][14:(217290,358710) hp100%(1000/1000) v0]
case	53m2	team=0	tgt=4	obj=0	phase=2	my_d=80000	| pred kind=-1 na=1 ne=2 ca=1 cve=0 cpe=0 sa=4 focus=Some(26) fs=false appr=false iso=false ovl=false lowhp=false | act none=true kind=0 na=0 ne=0 ca=0 pr=29773739790525 focus_tag=-1 focus=0 tgt=0	MATCH	
cfg	53	[00:(20000,20000) hp40%(400/1000) v0][01:(344568,344568) hp35%(350/1000) v0][02:(20000,570842) hp40%(400/1000) v0][03:(316284,372852) hp100%(1000/1000) v0][04:(59000,288000) hp51%(510/1000) v0][10:(217290,358710) hp39%(390/1000) v0][11:(641553,20000) hp60%(600/1000) v0][12:(344568,205568) hp100%(1000/1000) v1][13:(438000,288000) hp39%(390/1000) v0][14:(288000,20000) hp39%(390/1000) v0]
case	54m2	team=1	tgt=4	obj=0	phase=3	my_d=181000	| pred kind=4 na=0 ne=2 ca=1 cve=2 cpe=0 sa=2 focus=Some(19) fs=false appr=true iso=true ovl=false lowhp=true | act none=false kind=4 na=0 ne=2 ca=1 pr=2 focus_tag=1 focus=19 tgt=4	MATCH	
cfg	54	[00:(124659,124659) hp39%(390/1000) v0][01:(394066,394066) hp45%(450/1000) v0][02:(181934,181934) hp40%(400/1000) v0][03:(288000,788000) hp39%(390/1000) v0][04:(288000,610000) hp40%(400/1000) v0][10:(288000,298000) hp49%(490/1000) v0][11:(288000,469000) hp34%(340/1000) v0][12:(606198,606198) hp100%(1000/1000) v0][13:(288000,20000) hp60%(600/1000) v0][14:(372852,553852) hp39%(390/1000) v0]
case	55m2	team=0	tgt=5	obj=-1	phase=3	my_d=151000	| pred kind=-1 na=2 ne=0 ca=2 cve=0 cpe=1 sa=3 focus=None fs=false appr=true iso=false ovl=false lowhp=false | act none=true kind=0 na=0 ne=0 ca=0 pr=174414744226962 focus_tag=-1 focus=0 tgt=0	MATCH	
cfg	55	[00:(545428,545428) hp30%(300/1000) v0][01:(565227,778773) hp35%(350/1000) v0][02:(565227,639773) hp45%(450/1000) v0][03:(835341,508659) hp49%(490/1000) v0][04:(565227,639773) hp45%(450/1000) v0][10:(693213,650787) hp30%(300/1000) v0][11:(672000,483000) hp100%(1000/1000) v1][12:(835341,835341) hp40%(400/1000) v1][13:(903000,672000) hp39%(390/1000) v0][14:(672000,940000) hp100%(1000/1000) v1]
case	56m2	team=0	tgt=5	obj=1	phase=0	my_d=140000	| pred kind=-1 na=0 ne=3 ca=0 cve=2 cpe=0 sa=4 focus=Some(25) fs=false appr=false iso=false ovl=false lowhp=false | act none=true kind=0 na=0 ne=0 ca=0 pr=262542263709043 focus_tag=-1 focus=0 tgt=0	MATCH	
cfg	56	[00:(510073,510073) hp100%(1000/1000) v0][01:(672000,812000) hp35%(350/1000) v0][02:(672000,443000) hp40%(400/1000) v0][03:(481000,672000) hp40%(400/1000) v0][04:(940000,940000) hp60%(600/1000) v0][10:(672000,641000) hp100%(1000/1000) v0][11:(798572,545428) hp45%(450/1000) v0][12:(601290,742710) hp30%(300/1000) v0][13:(833927,833927) hp100%(1000/1000) v0][14:(837000,812000) hp49%(490/1000) v0]
case	57m2	team=1	tgt=5	obj=1	phase=0	my_d=181000	| pred kind=-1 na=1 ne=0 ca=1 cve=0 cpe=0 sa=3 focus=None fs=false appr=true iso=false ovl=false lowhp=false | act none=true kind=0 na=0 ne=0 ca=0 pr=19236675377879 focus_tag=-1 focus=0 tgt=0	MATCH	
cfg	57	[00:(940000,283092) hp100%(1000/1000) v0][01:(363014,799986) hp40%(400/1000) v0][02:(403014,799986) hp39%(390/1000) v1][03:(940000,672000) hp100%(1000/1000) v0][04:(672000,940000) hp100%(1000/1000) v0][10:(545428,798572) hp100%(1000/1000) v0][11:(544014,799986) hp35%(350/1000) v0][12:(584014,799986) hp39%(390/1000) v0][13:(901000,672000) hp60%(600/1000) v0][14:(672000,940000) hp40%(400/1000) v0]
case	58m2	team=1	tgt=5	obj=1	phase=1	my_d=160000	| pred kind=4 na=0 ne=2 ca=2 cve=2 cpe=1 sa=4 focus=None fs=false appr=true iso=true ovl=false lowhp=true | act none=false kind=4 na=0 ne=2 ca=2 pr=3 focus_tag=0 focus=2494315453968 tgt=5	MATCH	
cfg	58	[00:(940000,283092) hp100%(1000/1000) v1][01:(522000,672000) hp45%(450/1000) v0][02:(672000,642000) hp100%(1000/1000) v0][03:(835341,835341) hp100%(1000/1000) v0][04:(756852,916852) hp45%(450/1000) v0][10:(940000,353802) hp51%(510/1000) v0][11:(672000,832000) hp34%(340/1000) v0][12:(771702,931702) hp51%(510/1000) v0][13:(545428,545428) hp45%(450/1000) v0][14:(778066,565934) hp100%(1000/1000) v0]
case	59m2	team=0	tgt=5	obj=1	phase=1	my_d=140000	| pred kind=-1 na=0 ne=0 ca=0 cve=1 cpe=0 sa=3 focus=Some(24) fs=false appr=false iso=false ovl=false lowhp=false | act none=true kind=0 na=0 ne=0 ca=0 pr=9742380077660 focus_tag=-1 focus=0 tgt=0	MATCH	
cfg	59	[00:(940000,283092) hp100%(1000/1000) v0][01:(573006,770994) hp34%(340/1000) v0][02:(672000,940000) hp45%(450/1000) v0][03:(353802,353802) hp60%(600/1000) v0][04:(807057,536943) hp100%(1000/1000) v0][10:(672000,940000) hp100%(1000/1000) v0][11:(446434,644422) hp100%(1000/1000) v0][12:(389158,389158) hp40%(400/1000) v0][13:(940000,672000) hp39%(390/1000) v0][14:(778066,778066) hp51%(510/1000) v0]
case	60m2	team=1	tgt=4	obj=-1	phase=2	my_d=220000	| pred kind=-1 na=0 ne=2 ca=1 cve=1 cpe=1 sa=3 focus=Some(19) fs=false appr=true iso=true ovl=false lowhp=true | act none=true kind=0 na=0 ne=0 ca=0 pr=210109757377750 focus_tag=-1 focus=0 tgt=0	MATCH	
cfg	60	[00:(387702,408298) hp100%(1000/1000) v0][01:(328000,508000) hp40%(400/1000) v0][02:(160014,635986) hp30%(300/1000) v0][03:(676908,20000) hp60%(600/1000) v0][04:(188000,288000) hp49%(490/1000) v1][10:(838000,288000) hp30%(300/1000) v0][11:(288000,508000) hp34%(340/1000) v0][12:(358710,358710) hp60%(600/1000) v0][13:(606198,20000) hp100%(1000/1000) v0][14:(415986,160014) hp60%(600/1000) v0]
case	61m2	team=1	tgt=4	obj=0	phase=2	my_d=160000	| pred kind=-1 na=2 ne=1 ca=3 cve=2 cpe=3 sa=4 focus=Some(20) fs=false appr=true iso=false ovl=false lowhp=false | act none=true kind=0 na=0 ne=0 ca=0 pr=238091595261512 focus_tag=-1 focus=0 tgt=0	MATCH	
cfg	61	[00:(46877,529123) hp100%(1000/1000) v0][01:(788000,288000) hp40%(400/1000) v0][02:(203147,372853) hp60%(600/1000) v0][03:(174863,220137) hp60%(600/1000) v0][04:(606198,606198) hp100%(1000/1000) v0][10:(313863,401137) hp100%(1000/1000) v0][11:(174863,401137) hp35%(350/1000) v0][12:(388000,288000) hp40%(400/1000) v0][13:(20000,606198) hp45%(450/1000) v0][14:(174863,361137) hp100%(1000/1000) v0]
case	62m2	team=0	tgt=4	obj=0	phase=3	my_d=149000	| pred kind=-1 na=0 ne=2 ca=2 cve=1 cpe=3 sa=3 focus=Some(27) fs=false appr=false iso=false ovl=false lowhp=false | act none=true kind=0 na=0 ne=0 ca=0 pr=74826615904096 focus_tag=-1 focus=0 tgt=0	MATCH	
cfg	62	[00:(20000,676908) hp100%(1000/1000) v0][01:(288000,437000) hp35%(350/1000) v0][02:(167085,316085) hp45%(450/1000) v0][03:(288000,266000) hp100%(1000/1000) v0][04:(20000,20000) hp30%(300/1000) v0][10:(20000,20000) hp51%(510/1000) v0][11:(20000,20000) hp40%(400/1000) v1][12:(288000,608000) hp51%(510/1000) v0][13:(372852,521852) hp60%(600/1000) v0][14:(288000,388000) hp100%(1000/1000) v0]
case	63m2	team=0	tgt=4	obj=0	phase=3	my_d=220000	| pred kind=3 na=0 ne=2 ca=1 cve=0 cpe=1 sa=3 focus=Some(26) fs=true appr=true iso=true ovl=false lowhp=false | act none=false kind=3 na=0 ne=2 ca=1 pr=1 focus_tag=1 focus=26 tgt=4	MATCH	
cfg	63	[00:(20000,641553) hp100%(1000/1000) v0][01:(132437,443563) hp35%(350/1000) v0][02:(20000,20000) hp45%(450/1000) v0][03:(388000,288000) hp100%(1000/1000) v0][04:(838000,288000) hp45%(450/1000) v0][10:(449927,449927) hp49%(490/1000) v0][11:(20000,443563) hp100%(1000/1000) v0][12:(92437,443563) hp45%(450/1000) v0][13:(303437,443563) hp30%(300/1000) v0][14:(271437,443563) hp30%(300/1000) v1]
case	64m2	team=1	tgt=4	obj=0	phase=0	my_d=179000	| pred kind=4 na=1 ne=3 ca=0 cve=1 cpe=1 sa=1 focus=Some(18) fs=false appr=true iso=true ovl=false lowhp=true | act none=false kind=4 na=1 ne=3 ca=0 pr=2 focus_tag=1 focus=18 tgt=4	MATCH	
cfg	64	[00:(161428,414572) hp60%(600/1000) v0][01:(387702,367298) hp40%(400/1000) v1][02:(288000,838000) hp51%(510/1000) v0][03:(288000,587000) hp45%(450/1000) v0][04:(203148,551852) hp40%(400/1000) v0][10:(97000,288000) hp39%(390/1000) v0][11:(288000,467000) hp34%(340/1000) v0][12:(570842,570842) hp60%(600/1000) v0][13:(248000,467000) hp49%(490/1000) v0][14:(408000,467000) hp39%(390/1000) v0]
case	65m2	team=0	tgt=5	obj=1	phase=0	my_d=149000	| pred kind=-1 na=0 ne=1 ca=0 cve=1 cpe=0 sa=3 focus=Some(26) fs=false appr=false iso=false ovl=false lowhp=false | act none=true kind=0 na=0 ne=0 ca=0 pr=198028795258068 focus_tag=-1 focus=0 tgt=0	MATCH	
cfg	65	[00:(440070,903930) hp51%(510/1000) v0][01:(566642,777358) hp35%(350/1000) v0][02:(353802,940000) hp40%(400/1000) v0][03:(903000,672000) hp45%(450/1000) v0][04:(672000,940000) hp39%(390/1000) v0][10:(807057,536943) hp45%(450/1000) v0][11:(863000,672000) hp100%(1000/1000) v0][12:(672000,483000) hp100%(1000/1000) v0][13:(731642,777358) hp30%(300/1000) v0][14:(353802,940000) hp100%(1000/1000) v0]
case	66m2	team=0	tgt=5	obj=1	phase=1	my_d=80000	| pred kind=1 na=3 ne=2 ca=2 cve=2 cpe=0 sa=3 focus=Some(27) fs=false appr=false iso=false ovl=false lowhp=false | act none=false kind=1 na=3 ne=2 ca=2 pr=2 focus_tag=1 focus=27 tgt=5	MATCH	
cfg	66	[00:(770287,850287) hp51%(510/1000) v0][01:(672000,752000) hp34%(340/1000) v0][02:(643716,780284) hp45%(450/1000) v0][03:(940000,940000) hp39%(390/1000) v0][04:(632000,752000) hp49%(490/1000) v0][10:(552000,752000) hp40%(400/1000) v1][11:(272000,672000) hp45%(450/1000) v0][12:(940000,940000) hp60%(600/1000) v0][13:(798572,798572) hp60%(600/1000) v0][14:(742710,742710) hp45%(450/1000) v0]
case	67m2	team=1	tgt=5	obj=1	phase=1	my_d=179000	| pred kind=-1 na=0 ne=0 ca=1 cve=0 cpe=0 sa=3 focus=None fs=false appr=true iso=false ovl=false lowhp=false | act none=true kind=0 na=0 ne=0 ca=0 pr=12615697825508 focus_tag=-1 focus=0 tgt=0	MATCH	
cfg	67	[00:(940000,940000) hp60%(600/1000) v0][01:(940000,940000) hp49%(490/1000) v0][02:(940000,940000) hp40%(400/1000) v0][03:(389158,389158) hp39%(390/1000) v1][04:(353802,940000) hp100%(1000/1000) v1][10:(693213,693213) hp49%(490/1000) v0][11:(545428,798572) hp35%(350/1000) v0][12:(940000,672000) hp30%(300/1000) v0][13:(861000,672000) hp51%(510/1000) v0][14:(940000,353802) hp40%(400/1000) v0]
case	68m2	team=1	tgt=5	obj=0	phase=2	my_d=151000	| pred kind=-1 na=0 ne=0 ca=1 cve=0 cpe=0 sa=2 focus=None fs=false appr=true iso=false ovl=false lowhp=false | act none=true kind=0 na=0 ne=0 ca=0 pr=213794989188892 focus_tag=-1 focus=0 tgt=0	MATCH	
cfg	68	[00:(742710,742710) hp51%(510/1000) v1][01:(792915,940000) hp40%(400/1000) v1][02:(389158,940000) hp30%(300/1000) v0][03:(807057,807057) hp30%(300/1000) v1][04:(853000,823000) hp45%(450/1000) v0][10:(318447,940000) hp39%(390/1000) v0][11:(672000,823000) hp34%(340/1000) v0][12:(798572,940000) hp49%(490/1000) v0][13:(389158,389158) hp39%(390/1000) v0][14:(642000,672000) hp100%(1000/1000) v0]
case	69m2	team=0	tgt=5	obj=1	phase=2	my_d=80000	| pred kind=-1 na=1 ne=0 ca=0 cve=1 cpe=0 sa=4 focus=None fs=false appr=false iso=false ovl=false lowhp=false | act none=true kind=0 na=0 ne=0 ca=0 pr=227880562830490 focus_tag=-1 focus=0 tgt=0	MATCH	
cfg	69	[00:(799986,799986) hp49%(490/1000) v0][01:(615432,728568) hp34%(340/1000) v0][02:(672000,272000) hp45%(450/1000) v0][03:(615432,867568) hp51%(510/1000) v0][04:(736347,849483) hp100%(1000/1000) v0][10:(672000,940000) hp30%(300/1000) v1][11:(672000,483000) hp100%(1000/1000) v0][12:(700284,643716) hp100%(1000/1000) v1][13:(702000,672000) hp30%(300/1000) v1][14:(940000,672000) hp51%(510/1000) v0]
case	70m2	team=1	tgt=4	obj=0	phase=3	my_d=181000	| pred kind=-1 na=0 ne=0 ca=0 cve=1 cpe=1 sa=4 focus=None fs=false appr=true iso=false ovl=false lowhp=false | act none=true kind=0 na=0 ne=0 ca=0 pr=90001762945290 focus_tag=-1 focus=0 tgt=0	MATCH	
cfg	70	[00:(606198,606198) hp49%(490/1000) v0][01:(147000,469000) hp45%(450/1000) v1][02:(188298,369298) hp40%(400/1000) v1][03:(20000,676908) hp100%(1000/1000) v1][04:(394066,181934) hp45%(450/1000) v0][10:(570842,20000) hp100%(1000/1000) v0][11:(288000,469000) hp34%(340/1000) v0][12:(408915,589915) hp49%(490/1000) v0][13:(20000,570842) hp45%(450/1000) v0][14:(288000,57000) hp60%(600/1000) v0]
case	71m2	team=1	tgt=4	obj=0	phase=3	my_d=151000	| pred kind=-1 na=1 ne=0 ca=1 cve=1 cpe=0 sa=2 focus=None fs=false appr=true iso=false ovl=false lowhp=false | act none=true kind=0 na=0 ne=0 ca=0 pr=129525085998682 focus_tag=-1 focus=0 tgt=0	MATCH	
cfg	71	[00:(288000,20000) hp45%(450/1000) v0][01:(20000,288000) hp49%(490/1000) v0][02:(438000,288000) hp100%(1000/1000) v0][03:(42227,394773) hp100%(1000/1000) v1][04:(838000,288000) hp30%(300/1000) v0][10:(53241,266787) hp49%(490/1000) v0][11:(181227,394773) hp35%(350/1000) v0][12:(301227,394773) hp30%(300/1000) v0][13:(570842,570842) hp39%(390/1000) v0][14:(152943,366489) hp100%(1000/1000) v0]
case	72m2	team=0	tgt=4	obj=0	phase=0	my_d=140000	| pred kind=-1 na=2 ne=0 ca=0 cve=0 cpe=0 sa=3 focus=None fs=false appr=false iso=false ovl=false lowhp=false | act none=true kind=0 na=0 ne=0 ca=0 pr=151053150614483 focus_tag=-1 focus=0 tgt=0	MATCH	
cfg	72	[00:(288000,20000) hp40%(400/1000) v0][01:(288000,428000) hp35%(350/1000) v0][02:(288000,479000) hp40%(400/1000) v0][03:(358710,217290) hp30%(300/1000) v0][04:(203148,512852) hp100%(1000/1000) v0][10:(20000,20000) hp100%(1000/1000) v0][11:(288000,263000) hp49%(490/1000) v1][12:(519000,288000) hp40%(400/1000) v0][13:(570842,570842) hp49%(490/1000) v0][14:(188298,527702) hp60%(600/1000) v1]
case	73m2	team=0	tgt=4	obj=-1	phase=0	my_d=181000	| pred kind=-1 na=1 ne=2 ca=1 cve=1 cpe=1 sa=2 focus=Some(26) fs=true appr=true iso=true ovl=false lowhp=false | act none=true kind=0 na=0 ne=0 ca=0 pr=234907760417110 focus_tag=-1 focus=0 tgt=0	MATCH	
cfg	73	[00:(288000,138000) hp40%(400/1000) v0][01:(415986,160014) hp35%(350/1000) v0][02:(288000,838000) hp45%(450/1000) v0][03:(57000,288000) hp100%(1000/1000) v0][04:(449927,126073) hp39%(390/1000) v0][10:(415986,415986) hp100%(1000/1000) v0][11:(514273,61727) hp30%(300/1000) v0][12:(586986,160014) hp100%(1000/1000) v0][13:(455986,160014) hp30%(300/1000) v0][14:(536901,280929) hp39%(390/1000) v1]
case	74m2	team=1	tgt=5	obj=1	phase=1	my_d=160000	| pred kind=4 na=0 ne=2 ca=1 cve=4 cpe=0 sa=2 focus=Some(20) fs=false appr=true iso=true ovl=true lowhp=true | act none=false kind=4 na=0 ne=2 ca=1 pr=4 focus_tag=1 focus=20 tgt=5	MATCH	
cfg	74	[00:(512000,552000) hp39%(390/1000) v0][01:(691000,672000) hp45%(450/1000) v0][02:(512000,632000) hp60%(600/1000) v0][03:(683000,672000) hp60%(600/1000) v0][04:(672000,772000) hp49%(490/1000) v0][10:(672000,851000) hp100%(1000/1000) v0][11:(512000,672000) hp34%(340/1000) v0][12:(799986,799986) hp49%(490/1000) v0][13:(331000,672000) hp30%(300/1000) v0][14:(508659,835341) hp30%(300/1000) v0]
case	75m2	team=0	tgt=5	obj=1	phase=1	my_d=149000	| pred kind=-1 na=0 ne=1 ca=1 cve=2 cpe=1 sa=2 focus=Some(27) fs=true appr=false iso=false ovl=false lowhp=false | act none=true kind=0 na=0 ne=0 ca=0 pr=132795818412132 focus_tag=-1 focus=0 tgt=0	MATCH	
cfg	75	[00:(777358,401642) hp30%(300/1000) v0][01:(777358,566642) hp34%(340/1000) v0][02:(650787,650787) hp49%(490/1000) v0][03:(672000,122000) hp40%(400/1000) v0][04:(650786,440070) hp100%(1000/1000) v0][10:(545428,798572) hp51%(510/1000) v0][11:(940000,940000) hp30%(300/1000) v0][12:(122000,672000) hp51%(510/1000) v0][13:(940000,672000) hp100%(1000/1000) v0][14:(777358,606642) hp100%(1000/1000) v0]
case	76m2	team=0	tgt=5	obj=1	phase=2	my_d=220000	| pred kind=4 na=0 ne=2 ca=0 cve=2 cpe=0 sa=3 focus=Some(23) fs=false appr=true iso=true ovl=false lowhp=true | act none=false kind=4 na=0 ne=2 ca=0 pr=2 focus_tag=1 focus=23 tgt=5	MATCH	
cfg	76	[00:(272000,672000) hp40%(400/1000) v0][01:(452000,672000) hp34%(340/1000) v0][02:(352298,572298) hp40%(400/1000) v0][03:(324014,544014) hp30%(300/1000) v0][04:(901000,672000) hp49%(490/1000) v0][10:(491000,672000) hp49%(490/1000) v0][11:(318447,318447) hp49%(490/1000) v0][12:(672000,443000) hp40%(400/1000) v0][13:(550287,770287) hp49%(490/1000) v0][14:(772000,672000) hp39%(390/1000) v0]
case	77m2	team=1	tgt=5	obj=-1	phase=2	my_d=179000	| pred kind=-1 na=1 ne=1 ca=1 cve=1 cpe=0 sa=1 focus=Some(19) fs=true appr=true iso=false ovl=false lowhp=false | act none=true kind=0 na=0 ne=0 ca=0 pr=175699478850258 focus_tag=-1 focus=0 tgt=0	MATCH	
cfg	77	[00:(441000,672000) hp39%(390/1000) v0][01:(799986,544014) hp45%(450/1000) v0][02:(940000,389158) hp60%(600/1000) v1][03:(283092,283092) hp49%(490/1000) v0][04:(798572,726428) hp39%(390/1000) v1][10:(672000,222000) hp30%(300/1000) v0][11:(798572,545428) hp35%(350/1000) v0][12:(772000,672000) hp100%(1000/1000) v0][13:(283092,283092) hp39%(390/1000) v0][14:(222000,672000) hp40%(400/1000) v0]
case	78m2	team=0	tgt=5	obj=1	phase=2	my_d=149000	| pred kind=-1 na=1 ne=1 ca=2 cve=3 cpe=0 sa=3 focus=Some(24) fs=false appr=false iso=false ovl=false lowhp=false | act none=true kind=0 na=0 ne=0 ca=0 pr=216494836862465 focus_tag=-1 focus=0 tgt=0	MATCH	
cfg	78	[00:(483000,672000) hp30%(300/1000) v0][01:(523000,672000) hp34%(340/1000) v0][02:(607852,587148) hp45%(450/1000) v0][03:(704000,672000) hp60%(600/1000) v0][04:(672000,903000) hp40%(400/1000) v0][10:(672000,493000) hp45%(450/1000) v0][11:(693213,693213) hp51%(510/1000) v0][12:(639672,788672) hp100%(1000/1000) v0][13:(607852,756852) hp49%(490/1000) v1][14:(833927,510073) hp100%(1000/1000) v0]
case	79m2	team=0	tgt=4	obj=0	phase=3	my_d=80000	| pred kind=1 na=1 ne=0 ca=2 cve=0 cpe=1 sa=3 focus=None fs=false appr=false iso=false ovl=false lowhp=false | act none=false kind=1 na=1 ne=0 ca=2 pr=1 focus_tag=0 focus=2033967667120 tgt=4	MATCH	
cfg	79	[00:(179568,231432) hp30%(300/1000) v0][01:(344568,231432) hp35%(350/1000) v0][02:(266787,309213) hp49%(490/1000) v0][03:(414572,414572) hp49%(490/1000) v0][04:(288000,517000) hp51%(510/1000) v0][10:(788000,288000) hp40%(400/1000) v0][11:(152943,152943) hp39%(390/1000) v1][12:(20000,676908) hp100%(1000/1000) v0][13:(515568,231432) hp100%(1000/1000) v0][14:(20000,570842) hp49%(490/1000) v0]
